REPLACE INTO auth_assignment VALUES("Abteilungsvorstand","3","1668147019");
REPLACE INTO auth_assignment VALUES("Abteilungsvorstand","4","1668685901");
REPLACE INTO auth_assignment VALUES("Abteilungsvorstand","5","1669984116");
REPLACE INTO auth_assignment VALUES("Abteilungsvorstand","6","1669984110");
REPLACE INTO auth_assignment VALUES("Superadmin","1","1637401712");
REPLACE INTO auth_assignment VALUES("Werkstättenleiter","7","1669984101");
REPLACE INTO auth_assignment VALUES("Werkstättenleiter","8","1669984077");



REPLACE INTO auth_item VALUES("/*","2","","","","1636362954","1636362954");
REPLACE INTO auth_item VALUES("/admin/assignment/index","2","","","","1636362880","1636362880");
REPLACE INTO auth_item VALUES("/admin/menu/index","2","","","","1636362880","1636362880");
REPLACE INTO auth_item VALUES("/admin/permission/index","2","","","","1636362880","1636362880");
REPLACE INTO auth_item VALUES("/admin/role/index","2","","","","1636362880","1636362880");
REPLACE INTO auth_item VALUES("/admin/route/index","2","","","","1636362880","1636362880");
REPLACE INTO auth_item VALUES("/admin/rule/index","2","","","","1636362880","1636362880");
REPLACE INTO auth_item VALUES("/admin/user/index","2","","","","1636362880","1636362880");
REPLACE INTO auth_item VALUES("/backup/create-full","2","","","","1657025081","1657025081");
REPLACE INTO auth_item VALUES("/backup/restore","2","","","","1657033423","1657033423");
REPLACE INTO auth_item VALUES("/backup/view-part-backup-settings","2","","","","1657030994","1657030994");
REPLACE INTO auth_item VALUES("/class-subject/*","2","","","","1668686111","1668686111");
REPLACE INTO auth_item VALUES("/class-subject/create","2","","","","1644092039","1644092039");
REPLACE INTO auth_item VALUES("/class-subject/delete","2","","","","1644092039","1644092039");
REPLACE INTO auth_item VALUES("/class-subject/index","2","","","","1644092039","1644092039");
REPLACE INTO auth_item VALUES("/class-subject/update","2","","","","1644092039","1644092039");
REPLACE INTO auth_item VALUES("/class-subject/update-department","2","","","","1644092039","1644092039");
REPLACE INTO auth_item VALUES("/class-subject/view","2","","","","1644092039","1644092039");
REPLACE INTO auth_item VALUES("/department/index","2","","","","1638534981","1638534981");
REPLACE INTO auth_item VALUES("/report/index","2","","","","1656939862","1656939862");
REPLACE INTO auth_item VALUES("/school-class/*","2","","","","1668686111","1668686111");
REPLACE INTO auth_item VALUES("/school-class/create","2","","","","1644092034","1644092034");
REPLACE INTO auth_item VALUES("/school-class/delete","2","","","","1644092034","1644092034");
REPLACE INTO auth_item VALUES("/school-class/index","2","","","","1644092034","1644092034");
REPLACE INTO auth_item VALUES("/school-class/update","2","","","","1644092034","1644092034");
REPLACE INTO auth_item VALUES("/school-class/view","2","","","","1644092034","1644092034");
REPLACE INTO auth_item VALUES("/site/*","2","","","","1668686019","1668686019");
REPLACE INTO auth_item VALUES("/site/about","2","","","","1668686019","1668686019");
REPLACE INTO auth_item VALUES("/site/captcha","2","","","","1668686019","1668686019");
REPLACE INTO auth_item VALUES("/site/contact","2","","","","1668686019","1668686019");
REPLACE INTO auth_item VALUES("/site/error","2","","","","1668686019","1668686019");
REPLACE INTO auth_item VALUES("/site/index","2","","","","1668686019","1668686019");
REPLACE INTO auth_item VALUES("/site/login","2","","","","1668686019","1668686019");
REPLACE INTO auth_item VALUES("/site/logout","2","","","","1668686019","1668686019");
REPLACE INTO auth_item VALUES("/subject/create","2","","","","1654782312","1654782312");
REPLACE INTO auth_item VALUES("/subject/delete","2","","","","1654782312","1654782312");
REPLACE INTO auth_item VALUES("/subject/index","2","","","","1654782312","1654782312");
REPLACE INTO auth_item VALUES("/subject/update","2","","","","1654782312","1654782312");
REPLACE INTO auth_item VALUES("/subject/view","2","","","","1654782312","1654782312");
REPLACE INTO auth_item VALUES("/teacher","2","","","","1637401341","1637401341");
REPLACE INTO auth_item VALUES("/teacher-wishlist/create","2","","","","1644092016","1644092016");
REPLACE INTO auth_item VALUES("/teacher-wishlist/delete","2","","","","1644092016","1644092016");
REPLACE INTO auth_item VALUES("/teacher-wishlist/index","2","","","","1644092016","1644092016");
REPLACE INTO auth_item VALUES("/teacher-wishlist/update","2","","","","1644092016","1644092016");
REPLACE INTO auth_item VALUES("/teacher-wishlist/view","2","","","","1644092016","1644092016");
REPLACE INTO auth_item VALUES("/teacher/create","2","","","","1644092016","1644092016");
REPLACE INTO auth_item VALUES("/teacher/delete","2","","","","1644092016","1644092016");
REPLACE INTO auth_item VALUES("/teacher/index","2","","","","1637401119","1637401119");
REPLACE INTO auth_item VALUES("/teacher/update","2","","","","1644092016","1644092016");
REPLACE INTO auth_item VALUES("/teacher/view","2","","","","1644092016","1644092016");
REPLACE INTO auth_item VALUES("Abteilungsvorstand","2","","","","1668146831","1668146831");
REPLACE INTO auth_item VALUES("guest","1","Gast","","","1638609253","1638609253");
REPLACE INTO auth_item VALUES("Superadmin","1","","","","1636362721","1636362721");
REPLACE INTO auth_item VALUES("Superadmin_Perm","2","","","","1636362864","1636362864");
REPLACE INTO auth_item VALUES("Werkstättenleiter","2","","","","1668146846","1668146846");



REPLACE INTO auth_item_child VALUES("Superadmin_Perm","/*");
REPLACE INTO auth_item_child VALUES("Abteilungsvorstand","/class-subject/*");
REPLACE INTO auth_item_child VALUES("Abteilungsvorstand","/department/index");
REPLACE INTO auth_item_child VALUES("Abteilungsvorstand","/school-class/*");
REPLACE INTO auth_item_child VALUES("Abteilungsvorstand","/site/*");
REPLACE INTO auth_item_child VALUES("Abteilungsvorstand","/subject/create");
REPLACE INTO auth_item_child VALUES("Abteilungsvorstand","/subject/delete");
REPLACE INTO auth_item_child VALUES("Abteilungsvorstand","/subject/index");
REPLACE INTO auth_item_child VALUES("Abteilungsvorstand","/subject/update");
REPLACE INTO auth_item_child VALUES("Abteilungsvorstand","/subject/view");
REPLACE INTO auth_item_child VALUES("Abteilungsvorstand","/teacher");
REPLACE INTO auth_item_child VALUES("Abteilungsvorstand","/teacher-wishlist/create");
REPLACE INTO auth_item_child VALUES("Abteilungsvorstand","/teacher-wishlist/delete");
REPLACE INTO auth_item_child VALUES("Abteilungsvorstand","/teacher-wishlist/index");
REPLACE INTO auth_item_child VALUES("Abteilungsvorstand","/teacher-wishlist/update");
REPLACE INTO auth_item_child VALUES("Abteilungsvorstand","/teacher-wishlist/view");
REPLACE INTO auth_item_child VALUES("Abteilungsvorstand","/teacher/create");
REPLACE INTO auth_item_child VALUES("Abteilungsvorstand","/teacher/delete");
REPLACE INTO auth_item_child VALUES("Abteilungsvorstand","/teacher/index");
REPLACE INTO auth_item_child VALUES("Abteilungsvorstand","/teacher/update");
REPLACE INTO auth_item_child VALUES("Abteilungsvorstand","/teacher/view");
REPLACE INTO auth_item_child VALUES("Superadmin","Superadmin_Perm");






REPLACE INTO class_subject VALUES("1002AHMBASRBESP","3AHMBA","BESP","","100.000","2.00","SR","","","");
REPLACE INTO class_subject VALUES("10175AAMEFSLAB","5AAME","LAB","","50.000","4.00","FS","","","");
REPLACE INTO class_subject VALUES("10175AAMELFLAB","5AAME","LAB","","50.000","4.00","LF","","","");
REPLACE INTO class_subject VALUES("10175AAMESCLAB","5AAME","LAB","","50.000","4.00","SC","","","");
REPLACE INTO class_subject VALUES("10175AKMEFSLAB","5AKME","LAB","","100.000","4.00","FS","","","");
REPLACE INTO class_subject VALUES("10175AKMELFLAB","5AKME","LAB","","100.000","4.00","LF","","","");
REPLACE INTO class_subject VALUES("10175AKMESCLAB","5AKME","LAB","","100.000","4.00","SC","","","");
REPLACE INTO class_subject VALUES("1022AHMBABNAINF","3AHMBA","AINF","","100.000","2.00","BN","","","");
REPLACE INTO class_subject VALUES("1022AHMBAZSAINF","3AHMBA","AINF","","100.000","2.00","ZS","","","");
REPLACE INTO class_subject VALUES("10271BHWIM22JWMB-KU","1BHWIM","MB-KU","","100.000","2.00","?","","","");
REPLACE INTO class_subject VALUES("10271BHWIM22ZEMB-KU","1BHWIM","MB-KU","","100.000","2.00","?","","","");
REPLACE INTO class_subject VALUES("10271BHWIMJWMB-KU","2BHWIM","MB-KU","","100.000","2.00","JW","","","");
REPLACE INTO class_subject VALUES("10271BHWIMZEMB-KU","2BHWIM","MB-KU","","100.000","2.00","ZE","","","");
REPLACE INTO class_subject VALUES("10281BHWIM22MGMB-DG","1BHWIM","MB-DG","","100.000","2.00","?","","","");
REPLACE INTO class_subject VALUES("10281BHWIM22TOMB-DG","1BHWIM","MB-DG","","100.000","2.00","?","","","");
REPLACE INTO class_subject VALUES("10281BHWIMMGMB-DG","2BHWIM","MB-DG","","100.000","2.00","MG","","","");
REPLACE INTO class_subject VALUES("10281BHWIMTOMB-DG","2BHWIM","MB-DG","","100.000","2.00","TO","","","");
REPLACE INTO class_subject VALUES("10346AAMEFOLAB","6AAME","LAB","","50.000","4.00","FO","","","");
REPLACE INTO class_subject VALUES("10346AAMEGMLAB","6AAME","LAB","","50.000","4.00","GM","","","");
REPLACE INTO class_subject VALUES("10346AAMELFLAB","6AAME","LAB","","50.000","4.00","LF","","","");
REPLACE INTO class_subject VALUES("10346AKMEFOLAB","6AKME","LAB","","100.000","4.00","FO","","","");
REPLACE INTO class_subject VALUES("10346AKMEGMLAB","6AKME","LAB","","100.000","4.00","GM","","","");
REPLACE INTO class_subject VALUES("10346AKMELFLAB","6AKME","LAB","","100.000","4.00","LF","","","");
REPLACE INTO class_subject VALUES("10414AFMESNPD_1","5AFME","PD_1","","100.000","2.00","SN","","","");
REPLACE INTO class_subject VALUES("1042AHMBAKGFET1_1","3AHMBA","FET1_1","","100.000","2.00","KG","","","");
REPLACE INTO class_subject VALUES("10444AHMBAGSGGP","5AHMBA","GGP","","100.000","2.00","GS","","","");
REPLACE INTO class_subject VALUES("10452AHETRURK","3AHET","RK","","100.000","2.00","RU","","","");
REPLACE INTO class_subject VALUES("10491AHITRURK","2AHIT","RK","","100.000","2.00","RU","","","");
REPLACE INTO class_subject VALUES("10491AHITRURK-22N","1AHIT","RK","","100.000","2.00","?","","","");
REPLACE INTO class_subject VALUES("10512AHITALSYT","3AHIT","SYT","","100.000","2.00","AL","","","");
REPLACE INTO class_subject VALUES("10522AHITRURK","3AHIT","RK","","100.000","2.00","RU","","","");
REPLACE INTO class_subject VALUES("1052AHMBAFOETE","3AHMBA","ETE","","100.000","2.00","FO","","","");
REPLACE INTO class_subject VALUES("1062AHMBAWJORD","3AHMBA","ORD","","100.000","1.00","WJ","","","");
REPLACE INTO class_subject VALUES("10662AHMBARDTMB","3AHMBA","TMB","","100.000","3.00","RD","","","");
REPLACE INTO class_subject VALUES("10682AHMBASHAM","3AHMBA","AM","","100.000","3.00","SH","","","");
REPLACE INTO class_subject VALUES("1072AHMBANRE1","3AHMBA","E1","","100.000","2.00","NR","","","");
REPLACE INTO class_subject VALUES("1072AHMBARIE1","3AHMBA","E1","","100.000","2.00","RI","","","");
REPLACE INTO class_subject VALUES("1072AHMBASME1","3AHMBA","E1","","100.000","2.00","SM","","","");
REPLACE INTO class_subject VALUES("1072BHMBANRE1","3BHMBA","E1","","100.000","2.00","NR","","","");
REPLACE INTO class_subject VALUES("1072BHMBARIE1","3BHMBA","E1","","100.000","2.00","RI","","","");
REPLACE INTO class_subject VALUES("1072BHMBASME1","3BHMBA","E1","","100.000","2.00","SM","","","");
REPLACE INTO class_subject VALUES("10742AHETSGCPE","3AHET","CPE","","100.000","2.00","SG","","","");
REPLACE INTO class_subject VALUES("1083AHMBARURK","4AHMBA","RK","","100.000","2.00","RU","","","");
REPLACE INTO class_subject VALUES("1093AHMBARTFET1_1","4AHMBA","FET1_1","","100.000","2.00","RT","","","");
REPLACE INTO class_subject VALUES("1103AHMBAPOAUT","4AHMBA","AUT","","100.000","2.00","PO","","","");
REPLACE INTO class_subject VALUES("11053AAMEBUE1","3AAME","E1","","50.000","2.00","BU","","","");
REPLACE INTO class_subject VALUES("11063AAMEFOETE","3AAME","ETE","","50.000","4.00","FO","","","");
REPLACE INTO class_subject VALUES("11063AKMEFOETE","3AKME","ETE","","100.000","4.00","FO","","","");
REPLACE INTO class_subject VALUES("11073AAMEFOETE","3AAME","ETE","","50.000","2.00","FO","","","");
REPLACE INTO class_subject VALUES("11073AAMESCETE","3AAME","ETE","","50.000","2.00","SC","","","");
REPLACE INTO class_subject VALUES("11073AKMEFOETE","3AKME","ETE","","100.000","2.00","FO","","","");
REPLACE INTO class_subject VALUES("11073AKMESCETE","3AKME","ETE","","100.000","2.00","SC","","","");
REPLACE INTO class_subject VALUES("1109SXNDVA","","NDVA","","100.000","1.00","SX","","","");
REPLACE INTO class_subject VALUES("1113AHMBARTORD","4AHMBA","ORD","","100.000","1.00","RT","","","");
REPLACE INTO class_subject VALUES("11151AHETKUD","1AHET","D","","100.000","3.00","?","","","");
REPLACE INTO class_subject VALUES("11161AHETGSBESP","1AHET","BESP","","100.000","2.00","?","","","");
REPLACE INTO class_subject VALUES("11171AHETIKAM","1AHET","AM","","100.000","4.00","?","","","");
REPLACE INTO class_subject VALUES("11181AHETSCAUT","1AHET","AUT","","100.000","2.00","?","","","");
REPLACE INTO class_subject VALUES("11183AFMEGMITAT_1","4AFME","ITAT_1","","100.000","1.00","GM","","","");
REPLACE INTO class_subject VALUES("11191AHETSOORD","1AHET","ORD","","100.000","1.00","?","","","");
REPLACE INTO class_subject VALUES("1124AHMBANRE1","5AHMBA","E1","","100.000","2.00","NR","","","");
REPLACE INTO class_subject VALUES("1124AHMBARIE1","5AHMBA","E1","","100.000","2.00","RI","","","");
REPLACE INTO class_subject VALUES("1124AHMBAZDE1","5AHMBA","E1","","100.000","2.00","ZD","","","");
REPLACE INTO class_subject VALUES("1124BHMBANRE1","5BHMBA","E1","","100.000","2.00","NR","","","");
REPLACE INTO class_subject VALUES("1124BHMBARIE1","5BHMBA","E1","","100.000","2.00","RI","","","");
REPLACE INTO class_subject VALUES("1124BHMBAZDE1","5BHMBA","E1","","100.000","2.00","ZD","","","");
REPLACE INTO class_subject VALUES("113211AHETALFI","1AHET","FI","","100.000","2.00","?","","","");
REPLACE INTO class_subject VALUES("113211AHETHAFI","1AHET","FI","","100.000","2.00","?","","","");
REPLACE INTO class_subject VALUES("1134AHMBABCTMB","5AHMBA","TMB","","100.000","2.00","BC","","","");
REPLACE INTO class_subject VALUES("11423AAMEJKFWPT_4","3AAME","FWPT_4","","50.000","4.00","JK","","","");
REPLACE INTO class_subject VALUES("11423AKMEJKFWPT_4","3AKME","FWPT_4","","100.000","4.00","JK","","","");
REPLACE INTO class_subject VALUES("1144AHMBAWJMANL","5AHMBA","MANL","","100.000","2.00","WJ","","","");
REPLACE INTO class_subject VALUES("114981AHETFAWPT_4","1AHET","WPT_4","","100.000","4.00","?","","","");
REPLACE INTO class_subject VALUES("114981AHETFKWPT_4","1AHET","WPT_4","","100.000","4.00","?","","","");
REPLACE INTO class_subject VALUES("114981AHETHEWPT_4","1AHET","WPT_4","","100.000","4.00","?","","","");
REPLACE INTO class_subject VALUES("114981AHETKIWPT_4","1AHET","WPT_4","","100.000","4.00","?","","","");
REPLACE INTO class_subject VALUES("114991AHETFAWPT_4","1AHET","WPT_4","","100.000","4.00","?","","","");
REPLACE INTO class_subject VALUES("114991AHETFKWPT_4","1AHET","WPT_4","","100.000","4.00","?","","","");
REPLACE INTO class_subject VALUES("114991AHETHEWPT_4","1AHET","WPT_4","","100.000","4.00","?","","","");
REPLACE INTO class_subject VALUES("114991AHETKIWPT_4","1AHET","WPT_4","","100.000","4.00","?","","","");
REPLACE INTO class_subject VALUES("115001AHETFAWPT_4","1AHET","WPT_4","","100.000","4.00","?","","","");
REPLACE INTO class_subject VALUES("115001AHETFKWPT_4","1AHET","WPT_4","","100.000","4.00","?","","","");
REPLACE INTO class_subject VALUES("115001AHETHEWPT_4","1AHET","WPT_4","","100.000","4.00","?","","","");
REPLACE INTO class_subject VALUES("115001AHETKIWPT_4","1AHET","WPT_4","","100.000","4.00","?","","","");
REPLACE INTO class_subject VALUES("115011AHETFNWPT_4","1AHET","WPT_4","","100.000","4.00","?","","","");
REPLACE INTO class_subject VALUES("115011AHETGNWPT_4","1AHET","WPT_4","","100.000","4.00","?","","","");
REPLACE INTO class_subject VALUES("115011AHETHDWPT_4","1AHET","WPT_4","","100.000","4.00","?","","","");
REPLACE INTO class_subject VALUES("115011AHETKIWPT_4","1AHET","WPT_4","","100.000","4.00","?","","","");
REPLACE INTO class_subject VALUES("115021AHETFNWPT_4","1AHET","WPT_4","","100.000","4.00","?","","","");
REPLACE INTO class_subject VALUES("115021AHETHDWPT_4","1AHET","WPT_4","","100.000","4.00","?","","","");
REPLACE INTO class_subject VALUES("115021AHETKIWPT_4","1AHET","WPT_4","","100.000","4.00","?","","","");
REPLACE INTO class_subject VALUES("115021AHETSNWPT_4","1AHET","WPT_4","","100.000","4.00","?","","","");
REPLACE INTO class_subject VALUES("115031AHETHDWPT_4","1AHET","WPT_4","","100.000","4.00","?","","","");
REPLACE INTO class_subject VALUES("115031AHETKIWPT_4","1AHET","WPT_4","","100.000","4.00","?","","","");
REPLACE INTO class_subject VALUES("115031AHETPTWPT_4","1AHET","WPT_4","","100.000","4.00","?","","","");
REPLACE INTO class_subject VALUES("115031AHETSWWPT_4","1AHET","WPT_4","","100.000","4.00","?","","","");
REPLACE INTO class_subject VALUES("1151AHETKUD","2AHET","D","","100.000","3.00","KU","","","");
REPLACE INTO class_subject VALUES("11555AAMEBUE1","5AAME","E1","","50.000","2.00","BU","","","");
REPLACE INTO class_subject VALUES("11555AAMESME1","5AAME","E1","","50.000","2.00","SM","","","");
REPLACE INTO class_subject VALUES("11555AKMEBUE1","5AKME","E1","","100.000","2.00","BU","","","");
REPLACE INTO class_subject VALUES("11555AKMESME1","5AKME","E1","","100.000","2.00","SM","","","");
REPLACE INTO class_subject VALUES("11565AAMEWID","5AAME","D","","50.000","2.00","WI","","","");
REPLACE INTO class_subject VALUES("11565AKMEWID","5AKME","D","","100.000","2.00","WI","","","");
REPLACE INTO class_subject VALUES("11585AAMEWGETE","5AAME","ETE","","50.000","2.00","WG","","","");
REPLACE INTO class_subject VALUES("11585AKMEWGETE","5AKME","ETE","","100.000","2.00","WG","","","");
REPLACE INTO class_subject VALUES("11595AAMESOETE","5AAME","ETE","","50.000","1.00","SO","","","");
REPLACE INTO class_subject VALUES("11595AAMEWGETE","5AAME","ETE","","50.000","1.00","WG","","","");
REPLACE INTO class_subject VALUES("11595AKMESOETE","5AKME","ETE","","100.000","1.00","SO","","","");
REPLACE INTO class_subject VALUES("11595AKMEWGETE","5AKME","ETE","","100.000","1.00","WG","","","");
REPLACE INTO class_subject VALUES("11605AAMESOMTSA","5AAME","MTSA","","50.000","1.00","SO","","","");
REPLACE INTO class_subject VALUES("11605AAMEWGMTSA","5AAME","MTSA","","50.000","1.00","WG","","","");
REPLACE INTO class_subject VALUES("11605AKMESOMTSA","5AKME","MTSA","","100.000","1.00","SO","","","");
REPLACE INTO class_subject VALUES("11605AKMEWGMTSA","5AKME","MTSA","","100.000","1.00","WG","","","");
REPLACE INTO class_subject VALUES("1161AHETGSBESP","2AHET","BESP","","100.000","2.00","GS","","","");
REPLACE INTO class_subject VALUES("11626AAMEWGETE","6AAME","ETE","","50.000","1.00","WG","","","");
REPLACE INTO class_subject VALUES("11626AKMEWGETE","6AKME","ETE","","100.000","1.00","WG","","","");
REPLACE INTO class_subject VALUES("11636AAMEWGMTSA","6AAME","MTSA","","50.000","1.00","WG","","","");
REPLACE INTO class_subject VALUES("11636AKMEWGMTSA","6AKME","MTSA","","100.000","1.00","WG","","","");
REPLACE INTO class_subject VALUES("11652AHITMMITP2","3AHIT","ITP2","","100.000","2.00","MM","","","");
REPLACE INTO class_subject VALUES("1168BANCAD","","NCAD","","100.000","1.00","BA","","","");
REPLACE INTO class_subject VALUES("1171AHETIKAM","2AHET","AM","","100.000","4.00","IK","","","");
REPLACE INTO class_subject VALUES("117571AHETSOES1","1AHET","ES1","","100.000","1.00","?","","","");
REPLACE INTO class_subject VALUES("117741AHETGNWPT_4","1AHET","WPT_4","","100.000","4.00","?","","","");
REPLACE INTO class_subject VALUES("117741AHETHDWPT_4","1AHET","WPT_4","","100.000","4.00","?","","","");
REPLACE INTO class_subject VALUES("117741AHETKIWPT_4","1AHET","WPT_4","","100.000","4.00","?","","","");
REPLACE INTO class_subject VALUES("117741AHETSWWPT_4","1AHET","WPT_4","","100.000","4.00","?","","","");
REPLACE INTO class_subject VALUES("1181AHETSCAUT","2AHET","AUT","","100.000","2.00","SC","","","");
REPLACE INTO class_subject VALUES("118311AHETKBETH","1AHET","ETH","","100.000","2.00","?","","","");
REPLACE INTO class_subject VALUES("1191AHETSOORD","2AHET","ORD","","100.000","1.00","SO","","","");
REPLACE INTO class_subject VALUES("119361AHETRURK","1AHET","RK","","100.000","2.00","?","","","");
REPLACE INTO class_subject VALUES("119371AHETGRGGP","1AHET","GGP","","100.000","2.00","?","","","");
REPLACE INTO class_subject VALUES("119381AHETIKAM","1AHET","AM","","100.000","4.00","?","","","");
REPLACE INTO class_subject VALUES("119391AHETALFI","1AHET","FI","","100.000","2.00","?","","","");
REPLACE INTO class_subject VALUES("119391AHETHAFI","1AHET","FI","","100.000","2.00","?","","","");
REPLACE INTO class_subject VALUES("119401AHETSCAUT","1AHET","AUT","","100.000","2.00","?","","","");
REPLACE INTO class_subject VALUES("11944AFMEDRBTP3","5AFME","BTP3","","100.000","4.00","DR","","","");
REPLACE INTO class_subject VALUES("1197ATA-BIBL","","A-BIBL","","100.000","3.00","AT","","","");
REPLACE INTO class_subject VALUES("1198KBA-BIBL","","A-BIBL","","100.000","4.00","KB","","","");
REPLACE INTO class_subject VALUES("1199GUA-SQPM","","A-SQPM","","100.000","3.00","GU","","","");
REPLACE INTO class_subject VALUES("1200DTA-EDV","","A-EDV","","100.000","7.00","DT","","","");
REPLACE INTO class_subject VALUES("1201HIA-EDV","","A-EDV","","100.000","3.00","HI","","","");
REPLACE INTO class_subject VALUES("1202RHA-DIR","","A-DIR","","100.000","20.00","RH","","","");
REPLACE INTO class_subject VALUES("1203HAA-AV","","A-AV","","100.000","10.00","HA","","","");
REPLACE INTO class_subject VALUES("1204HAA-AV","","A-AV","","100.000","10.00","HA","","","");
REPLACE INTO class_subject VALUES("1205HEA-WL","","A-WL","","100.000","1.00","HE","","","");
REPLACE INTO class_subject VALUES("1206KLA-WL","","A-WL","","100.000","15.00","KL","","","");
REPLACE INTO class_subject VALUES("1207KLA-WL","","A-WL","","100.000","6.00","KL","","","");
REPLACE INTO class_subject VALUES("1208RDA-AV","","A-AV","","100.000","13.00","RD","","","");
REPLACE INTO class_subject VALUES("1209PGA-AV","","A-AV","","100.000","10.00","PG","","","");
REPLACE INTO class_subject VALUES("1210BDA-BIBL","","A-BIBL","","100.000","2.00","BD","","","");
REPLACE INTO class_subject VALUES("1212AHETSZBESP","3AHET","BESP","","100.000","2.00","SZ","","","");
REPLACE INTO class_subject VALUES("12131AFMEMERK","2AFME","RK","","100.000","2.00","ME","","","");
REPLACE INTO class_subject VALUES("1222AHETIKAM","3AHET","AM","","100.000","3.00","IK","","","");
REPLACE INTO class_subject VALUES("12301AFMEKIKOP","2AFME","KOP","","100.000","2.00","KI","","","");
REPLACE INTO class_subject VALUES("12301AFMEWMKOP","2AFME","KOP","","100.000","2.00","WM","","","");
REPLACE INTO class_subject VALUES("1252AHETRIORD","3AHET","ORD","","100.000","1.00","RI","","","");
REPLACE INTO class_subject VALUES("12554AAMEHALAB","4AAME","LAB","","50.000","4.00","HA","","","");
REPLACE INTO class_subject VALUES("12554AKMEHALAB","4AKME","LAB","","100.000","4.00","HA","","","");
REPLACE INTO class_subject VALUES("12572AFMEKBETH","3AFME","ETH","","100.000","2.00","KB","","","");
REPLACE INTO class_subject VALUES("12572AHETKBETH","3AHET","ETH","","100.000","2.00","KB","","","");
REPLACE INTO class_subject VALUES("12572AHITKBETH","3AHIT","ETH","","100.000","2.00","KB","","","");
REPLACE INTO class_subject VALUES("12572AHMBAKBETH","3AHMBA","ETH","","100.000","2.00","KB","","","");
REPLACE INTO class_subject VALUES("12572AHWIMKBETH","3AHWIM","ETH","","100.000","2.00","KB","","","");
REPLACE INTO class_subject VALUES("12572BHMBAKBETH","3BHMBA","ETH","","100.000","2.00","KB","","","");
REPLACE INTO class_subject VALUES("12572BHWIMKBETH","3BHWIM","ETH","","100.000","2.00","KB","","","");
REPLACE INTO class_subject VALUES("12593BHWIMEBAM","4BHWIM","AM","","100.000","3.00","EB","","","");
REPLACE INTO class_subject VALUES("12603BHWIMDTINFI","4BHWIM","INFI","","100.000","2.00","DT","","","");
REPLACE INTO class_subject VALUES("12603BHWIMKJINFI","4BHWIM","INFI","","100.000","2.00","KJ","","","");
REPLACE INTO class_subject VALUES("12613BHWIMMVWSFT","4BHWIM","WSFT","","100.000","2.00","MV","","","");
REPLACE INTO class_subject VALUES("12623BHWIMWRUFW_2","4BHWIM","UFW_2","","100.000","2.00","WR","","","");
REPLACE INTO class_subject VALUES("12633BHWIMJWORD","4BHWIM","ORD","","100.000","1.00","JW","","","");
REPLACE INTO class_subject VALUES("12643BHWIMSRGGP","4BHWIM","GGP","","100.000","2.00","SR","","","");
REPLACE INTO class_subject VALUES("1264AHETSHRES1","5AHETS","ES1","","100.000","1.00","HR","","","");
REPLACE INTO class_subject VALUES("12653BHWIMBUNWG_2","4BHWIM","NWG_2","","100.000","2.00","BU","","","");
REPLACE INTO class_subject VALUES("12663BHWIMWRBET","4BHWIM","BET","","100.000","2.00","WR","","","");
REPLACE INTO class_subject VALUES("12673BHWIMSERK","4BHWIM","RK","","100.000","2.00","SE","","","");
REPLACE INTO class_subject VALUES("12683BHWIMMGMAA-M","4BHWIM","MAA-M","","100.000","1.00","MG","","","");
REPLACE INTO class_subject VALUES("12693BHWIMDTMAA-E","4BHWIM","MAA-E","","100.000","2.00","DT","","","");
REPLACE INTO class_subject VALUES("12703BHWIMJWMB-KU","4BHWIM","MB-KU","","100.000","3.00","JW","","","");
REPLACE INTO class_subject VALUES("12703BHWIMZEMB-KU","4BHWIM","MB-KU","","100.000","3.00","ZE","","","");
REPLACE INTO class_subject VALUES("12713BHWIMMGMB-ME","4BHWIM","MB-ME","","100.000","2.00","MG","","","");
REPLACE INTO class_subject VALUES("12733BHWIMGUWSFT","4BHWIM","WSFT","","100.000","2.00","GU","","","");
REPLACE INTO class_subject VALUES("12743BHWIMNOD","4BHWIM","D","","100.000","2.00","NO","","","");
REPLACE INTO class_subject VALUES("1274AHETSWGAUT","5AHETS","AUT","","100.000","2.00","WG","","","");
REPLACE INTO class_subject VALUES("12753BHWIMHOWPT_4","4BHWIM","WPT_4","","100.000","4.00","HO","","","");
REPLACE INTO class_subject VALUES("12753BHWIMPEWPT_4","4BHWIM","WPT_4","","100.000","4.00","PE","","","");
REPLACE INTO class_subject VALUES("12753BHWIMWMWPT_4","4BHWIM","WPT_4","","100.000","4.00","WM","","","");
REPLACE INTO class_subject VALUES("12783AHITWID","4AHIT","D","","100.000","2.00","WI","","","");
REPLACE INTO class_subject VALUES("12793AHITNRE1","4AHIT","E1","","100.000","2.00","NR","","","");
REPLACE INTO class_subject VALUES("12803AHITSRGGP","4AHIT","GGP","","100.000","2.00","SR","","","");
REPLACE INTO class_subject VALUES("12813AHITKOBESP","4AHIT","BESP","","100.000","2.00","KO","","","");
REPLACE INTO class_subject VALUES("12823AHITBDAM","4AHIT","AM","","100.000","3.00","BD","","","");
REPLACE INTO class_subject VALUES("12833AHITBUNW2","4AHIT","NW2","","100.000","2.00","BU","","","");
REPLACE INTO class_subject VALUES("12843AHITZSSEW","4AHIT","SEW","","100.000","1.00","ZS","","","");
REPLACE INTO class_subject VALUES("1284AHETSFOAT1","5AHETS","AT1","","100.000","2.00","FO","","","");
REPLACE INTO class_subject VALUES("12853AHITBNSEW","4AHIT","SEW","","100.000","2.00","BN","","","");
REPLACE INTO class_subject VALUES("12853AHITZSSEW","4AHIT","SEW","","100.000","2.00","ZS","","","");
REPLACE INTO class_subject VALUES("12873AHITGMSYT","4AHIT","SYT","","100.000","2.00","GM","","","");
REPLACE INTO class_subject VALUES("12883AHITALSYT","4AHIT","SYT","","100.000","3.00","AL","","","");
REPLACE INTO class_subject VALUES("12883AHITGMSYT","4AHIT","SYT","","100.000","3.00","GM","","","");
REPLACE INTO class_subject VALUES("12893AHITSXMEDT","4AHIT","MEDT","","100.000","2.00","SX","","","");
REPLACE INTO class_subject VALUES("12893AHITZSMEDT","4AHIT","MEDT","","100.000","2.00","ZS","","","");
REPLACE INTO class_subject VALUES("12933AHITSZNWT1","4AHIT","NWT1","","100.000","2.00","SZ","","","");
REPLACE INTO class_subject VALUES("1294AHETSSZSENT","5AHETS","SENT","","100.000","2.00","SZ","","","");
REPLACE INTO class_subject VALUES("12973AHITZSORD","4AHIT","ORD","","100.000","1.00","ZS","","","");
REPLACE INTO class_subject VALUES("13013AHITRURK","4AHIT","RK","","100.000","2.00","RU","","","");
REPLACE INTO class_subject VALUES("13033AHITBNITP2","4AHIT","ITP2","","100.000","2.00","BN","","","");
REPLACE INTO class_subject VALUES("1304AHETSZDE1","5AHETS","E1","","100.000","2.00","ZD","","","");
REPLACE INTO class_subject VALUES("13053AHITGAINSY","4AHIT","INSY","","100.000","2.00","GA","","","");
REPLACE INTO class_subject VALUES("13072AHETSZFI","3AHET","FI","","100.000","2.00","SZ","","","");
REPLACE INTO class_subject VALUES("13083AHETSLFIE1","4AHETS","IE1","","100.000","2.00","LF","","","");
REPLACE INTO class_subject VALUES("13093AHWIMSME1","4AHWIM","E1","","100.000","2.00","SM","","","");
REPLACE INTO class_subject VALUES("13103BHWIMBUE1","4BHWIM","E1","","100.000","2.00","BU","","","");
REPLACE INTO class_subject VALUES("13113AFMEEMBESP","4AFME","BESP","","100.000","2.00","EM","","","");
REPLACE INTO class_subject VALUES("13113AFMESLBESP","4AFME","BESP","","100.000","2.00","SL","","","");
REPLACE INTO class_subject VALUES("13113BHWIMEMBESP","4BHWIM","BESP","","100.000","2.00","EM","","","");
REPLACE INTO class_subject VALUES("13113BHWIMSLBESP","4BHWIM","BESP","","100.000","2.00","SL","","","");
REPLACE INTO class_subject VALUES("13122BHWIMGUMB-ME","3BHWIM","MB-ME","","100.000","1.00","GU","","","");
REPLACE INTO class_subject VALUES("13122BHWIMRAMB-ME","3BHWIM","MB-ME","","100.000","1.00","RA","","","");
REPLACE INTO class_subject VALUES("1314AHETSGSGGP","5AHETS","GGP","","100.000","1.00","GS","","","");
REPLACE INTO class_subject VALUES("13172AHWIMGUMB-ME","3AHWIM","MB-ME","","100.000","1.00","GU","","","");
REPLACE INTO class_subject VALUES("13183AHWIMKBD","4AHWIM","D","","100.000","2.00","KB","","","");
REPLACE INTO class_subject VALUES("13194AHWIMWRBET","5AHWIM","BET","","100.000","1.00","WR","","","");
REPLACE INTO class_subject VALUES("13211AHETALFI","2AHET","FI","","100.000","2.00","AL","","","");
REPLACE INTO class_subject VALUES("13211AHETHAFI","2AHET","FI","","100.000","2.00","HA","","","");
REPLACE INTO class_subject VALUES("13221BHMBANRE1","2BHMBA","E1","","100.000","2.00","NR","","","");
REPLACE INTO class_subject VALUES("1324AHETSGRBESP","5AHETS","BESP","","100.000","2.00","GR","","","");
REPLACE INTO class_subject VALUES("13304BHMBAEGETE","5BHMBA","ETE","","100.000","1.00","EG","","","");
REPLACE INTO class_subject VALUES("13324BHMBARDTMB","5BHMBA","TMB","","100.000","2.00","RD","","","");
REPLACE INTO class_subject VALUES("13334BHMBAWJMANL","5BHMBA","MANL","","100.000","2.00","WJ","","","");
REPLACE INTO class_subject VALUES("13344BHMBAWID","5BHMBA","D","","100.000","2.00","WI","","","");
REPLACE INTO class_subject VALUES("13354BHMBARURK","5BHMBA","RK","","100.000","2.00","RU","","","");
REPLACE INTO class_subject VALUES("13364BHMBABDORD","5BHMBA","ORD","","100.000","1.00","BD","","","");
REPLACE INTO class_subject VALUES("13374BHMBASTNWG_2","5BHMBA","NWG_2","","100.000","2.00","ST","","","");
REPLACE INTO class_subject VALUES("13384BHMBABCAUT","5BHMBA","AUT","","100.000","2.00","BC","","","");
REPLACE INTO class_subject VALUES("13394BHMBABCROBP","5BHMBA","ROBP","","100.000","2.00","BC","","","");
REPLACE INTO class_subject VALUES("13394BHMBAPOROBP","5BHMBA","ROBP","","100.000","2.00","PO","","","");
REPLACE INTO class_subject VALUES("13404BHMBABDAM","5BHMBA","AM","","100.000","2.00","BD","","","");
REPLACE INTO class_subject VALUES("13414BHMBAKRFET1_1","5BHMBA","FET1_1","","100.000","2.00","KR","","","");
REPLACE INTO class_subject VALUES("13424BHMBAHBWIR_3","5BHMBA","WIR_3","","100.000","3.00","HB","","","");
REPLACE INTO class_subject VALUES("13434BHMBAKOBESP","5BHMBA","BESP","","100.000","2.00","KO","","","");
REPLACE INTO class_subject VALUES("13444BHMBAPOKOP","5BHMBA","KOP","","100.000","4.00","PO","","","");
REPLACE INTO class_subject VALUES("13444BHMBARTKOP","5BHMBA","KOP","","100.000","4.00","RT","","","");
REPLACE INTO class_subject VALUES("13521AHMBAKDRE","2AHMBA","RE","","100.000","1.00","KD","","","");
REPLACE INTO class_subject VALUES("13521AHWIM22KDRE","1AHWIM","RE","","100.000","1.00","?","","","");
REPLACE INTO class_subject VALUES("13521AHWIMKDRE","2AHWIM","RE","","100.000","1.00","KD","","","");
REPLACE INTO class_subject VALUES("13521BHWIM22KDRE","1BHWIM","RE","","100.000","1.00","?","","","");
REPLACE INTO class_subject VALUES("13521BHWIMKDRE","2BHWIM","RE","","100.000","1.00","KD","","","");
REPLACE INTO class_subject VALUES("13522AFMEKDRE","3AFME","RE","","100.000","1.00","KD","","","");
REPLACE INTO class_subject VALUES("13522AHITKDRE","3AHIT","RE","","100.000","1.00","KD","","","");
REPLACE INTO class_subject VALUES("13522AHWIMKDRE","3AHWIM","RE","","100.000","1.00","KD","","","");
REPLACE INTO class_subject VALUES("13524AHWIMKDRE","5AHWIM","RE","","100.000","1.00","KD","","","");
REPLACE INTO class_subject VALUES("13524BHMBAKDRE","5BHMBA","RE","","100.000","1.00","KD","","","");
REPLACE INTO class_subject VALUES("13524BHWIMKDRE","5BHWIM","RE","","100.000","1.00","KD","","","");
REPLACE INTO class_subject VALUES("13534BHMBAKUGGP","5BHMBA","GGP","","100.000","2.00","KU","","","");
REPLACE INTO class_subject VALUES("13672AFMESDITAT_1","3AFME","ITAT_1","","100.000","1.00","SD","","","");
REPLACE INTO class_subject VALUES("1371AHWIM22SERK","1AHWIM","RK","","100.000","2.00","?","","","");
REPLACE INTO class_subject VALUES("1371AHWIMSERK","2AHWIM","RK","","100.000","2.00","SE","","","");
REPLACE INTO class_subject VALUES("13733AHETSEGLAB","4AHETS","LAB","","100.000","3.00","EG","","","");
REPLACE INTO class_subject VALUES("13733AHETSFOLAB","4AHETS","LAB","","100.000","3.00","FO","","","");
REPLACE INTO class_subject VALUES("13733AHETSZSLAB","4AHETS","LAB","","100.000","3.00","ZS","","","");
REPLACE INTO class_subject VALUES("13743AFMESBITAT_1","4AFME","ITAT_1","","100.000","1.00","SB","","","");
REPLACE INTO class_subject VALUES("1381AHWIM22KUD","1AHWIM","D","","100.000","3.00","?","","","");
REPLACE INTO class_subject VALUES("1381AHWIMKUD","2AHWIM","D","","100.000","3.00","KU","","","");
REPLACE INTO class_subject VALUES("13823AAMEMEETH","3AAME","ETH","","50.000","4.00","ME","","","");
REPLACE INTO class_subject VALUES("13823AKMEMEETH","3AKME","ETH","","100.000","4.00","ME","","","");
REPLACE INTO class_subject VALUES("13833AAMEGUMEEM","3AAME","MEEM","","50.000","6.00","GU","","","");
REPLACE INTO class_subject VALUES("13833AKMEGUMEEM","3AKME","MEEM","","100.000","6.00","GU","","","");
REPLACE INTO class_subject VALUES("13854AAMEMEETH","4AAME","ETH","","50.000","2.00","ME","","","");
REPLACE INTO class_subject VALUES("13854AKMEMEETH","4AKME","ETH","","100.000","2.00","ME","","","");
REPLACE INTO class_subject VALUES("1391AHWIM22NOE1","1AHWIM","E1","","100.000","2.00","?","","","");
REPLACE INTO class_subject VALUES("1391AHWIM22RIE1","1AHWIM","E1","","100.000","2.00","?","","","");
REPLACE INTO class_subject VALUES("1391AHWIM22ZDE1","1AHWIM","E1","","100.000","2.00","?","","","");
REPLACE INTO class_subject VALUES("1391AHWIMNOE1","2AHWIM","E1","","100.000","2.00","NO","","","");
REPLACE INTO class_subject VALUES("1391AHWIMRIE1","2AHWIM","E1","","100.000","2.00","RI","","","");
REPLACE INTO class_subject VALUES("1391AHWIMZDE1","2AHWIM","E1","","100.000","2.00","ZD","","","");
REPLACE INTO class_subject VALUES("1391BHWIM22NOE1","1BHWIM","E1","","100.000","2.00","?","","","");
REPLACE INTO class_subject VALUES("1391BHWIM22RIE1","1BHWIM","E1","","100.000","2.00","?","","","");
REPLACE INTO class_subject VALUES("1391BHWIM22ZDE1","1BHWIM","E1","","100.000","2.00","?","","","");
REPLACE INTO class_subject VALUES("1391BHWIMNOE1","2BHWIM","E1","","100.000","2.00","NO","","","");
REPLACE INTO class_subject VALUES("1391BHWIMRIE1","2BHWIM","E1","","100.000","2.00","RI","","","");
REPLACE INTO class_subject VALUES("1391BHWIMZDE1","2BHWIM","E1","","100.000","2.00","ZD","","","");
REPLACE INTO class_subject VALUES("13926AAMEGUMEEM","6AAME","MEEM","","50.000","3.00","GU","","","");
REPLACE INTO class_subject VALUES("13926AKMEGUMEEM","6AKME","MEEM","","100.000","3.00","GU","","","");
REPLACE INTO class_subject VALUES("13934AHETSLFCPE","5AHETS","CPE","","100.000","3.00","LF","","","");
REPLACE INTO class_subject VALUES("13934AHETSWGCPE","5AHETS","CPE","","100.000","3.00","WG","","","");
REPLACE INTO class_subject VALUES("1401AHWIM22KOBESP","1AHWIM","BESP","","100.000","2.00","?","","","");
REPLACE INTO class_subject VALUES("1401AHWIMKOBESP","2AHWIM","BESP","","100.000","2.00","KO","","","");
REPLACE INTO class_subject VALUES("1411AHWIM22EBAM","1AHWIM","AM","","100.000","3.00","?","","","");
REPLACE INTO class_subject VALUES("1411AHWIMEBAM","2AHWIM","AM","","100.000","3.00","EB","","","");
REPLACE INTO class_subject VALUES("14162AHETAIRISL","3AHET","RISL","","100.000","2.00","AI","","","");
REPLACE INTO class_subject VALUES("14162AHMBAAIRISL","3AHMBA","RISL","","100.000","2.00","AI","","","");
REPLACE INTO class_subject VALUES("14162AHWIMAIRISL","3AHWIM","RISL","","100.000","2.00","AI","","","");
REPLACE INTO class_subject VALUES("14162BHWIMAIRISL","3BHWIM","RISL","","100.000","2.00","AI","","","");
REPLACE INTO class_subject VALUES("14164AHMBAAIRISL","5AHMBA","RISL","","100.000","2.00","AI","","","");
REPLACE INTO class_subject VALUES("14203AFMESNPD_1","4AFME","PD_1","","100.000","2.00","SN","","","");
REPLACE INTO class_subject VALUES("14212AAMEWGSKOC","2AAME","SKOC","","50.000","1.00","WG","","","");
REPLACE INTO class_subject VALUES("1421AHWIM22SLNWG_2","1AHWIM","NWG_2","","100.000","3.00","?","","","");
REPLACE INTO class_subject VALUES("1421AHWIMSLNWG_2","2AHWIM","NWG_2","","100.000","3.00","SL","","","");
REPLACE INTO class_subject VALUES("14232AHITPJMEDT","3AHIT","MEDT","","100.000","1.00","PJ","","","");
REPLACE INTO class_subject VALUES("14271AHITSZITSI_1","2AHIT","ITSI_1","","100.000","1.00","SZ","","","");
REPLACE INTO class_subject VALUES("14271AHITSZITSI_1-22N","1AHIT","ITSI_1","","100.000","1.00","?","","","");
REPLACE INTO class_subject VALUES("14283AFMEEMFB2","4AFME","FB2","","100.000","1.00","EM","","","");
REPLACE INTO class_subject VALUES("1431AHWIM22APINFI","1AHWIM","INFI","","100.000","2.00","?","","","");
REPLACE INTO class_subject VALUES("1431AHWIM22SOINFI","1AHWIM","INFI","","100.000","2.00","?","","","");
REPLACE INTO class_subject VALUES("1431AHWIMAPINFI","2AHWIM","INFI","","100.000","2.00","AP","","","");
REPLACE INTO class_subject VALUES("1431AHWIMSOINFI","2AHWIM","INFI","","100.000","2.00","SO","","","");
REPLACE INTO class_subject VALUES("14394AAMESBFWPT_4","4AAME","FWPT_4","","50.000","4.00","SB","","","");
REPLACE INTO class_subject VALUES("14394AKMESBFWPT_4","4AKME","FWPT_4","","100.000","4.00","SB","","","");
REPLACE INTO class_subject VALUES("1441AHWIM22MVWSFT","1AHWIM","WSFT","","100.000","2.00","?","","","");
REPLACE INTO class_subject VALUES("1441AHWIMMVWSFT","2AHWIM","WSFT","","100.000","2.00","MV","","","");
REPLACE INTO class_subject VALUES("14431AHMBAFNWPT_4","2AHMBA","WPT_4","","100.000","4.00","FN","","","");
REPLACE INTO class_subject VALUES("14431AHMBAGNWPT_4","2AHMBA","WPT_4","","100.000","4.00","GN","","","");
REPLACE INTO class_subject VALUES("14431AHMBARMWPT_4","2AHMBA","WPT_4","","100.000","4.00","RM","","","");
REPLACE INTO class_subject VALUES("14441AHMBAFNWPT_4","2AHMBA","WPT_4","","100.000","4.00","FN","","","");
REPLACE INTO class_subject VALUES("14441AHMBARMWPT_4","2AHMBA","WPT_4","","100.000","4.00","RM","","","");
REPLACE INTO class_subject VALUES("14441AHMBATBWPT_4","2AHMBA","WPT_4","","100.000","4.00","TB","","","");
REPLACE INTO class_subject VALUES("14451AHMBAGNWPT_4","2AHMBA","WPT_4","","100.000","4.00","GN","","","");
REPLACE INTO class_subject VALUES("14451AHMBARMWPT_4","2AHMBA","WPT_4","","100.000","4.00","RM","","","");
REPLACE INTO class_subject VALUES("14451AHMBATBWPT_4","2AHMBA","WPT_4","","100.000","4.00","TB","","","");
REPLACE INTO class_subject VALUES("14461AHMBAFNWPT_4","2AHMBA","WPT_4","","100.000","4.00","FN","","","");
REPLACE INTO class_subject VALUES("14461AHMBAPEWPT_4","2AHMBA","WPT_4","","100.000","4.00","PE","","","");
REPLACE INTO class_subject VALUES("14461AHMBASNWPT_4","2AHMBA","WPT_4","","100.000","4.00","SN","","","");
REPLACE INTO class_subject VALUES("14491AHMBAPEWPT_4","2AHMBA","WPT_4","","100.000","4.00","PE","","","");
REPLACE INTO class_subject VALUES("14491AHMBAPTWPT_4","2AHMBA","WPT_4","","100.000","4.00","PT","","","");
REPLACE INTO class_subject VALUES("14491AHMBASNWPT_4","2AHMBA","WPT_4","","100.000","4.00","SN","","","");
REPLACE INTO class_subject VALUES("14501AHMBAFNWPT_4","2AHMBA","WPT_4","","100.000","4.00","FN","","","");
REPLACE INTO class_subject VALUES("14501AHMBAPEWPT_4","2AHMBA","WPT_4","","100.000","4.00","PE","","","");
REPLACE INTO class_subject VALUES("14501AHMBAPTWPT_4","2AHMBA","WPT_4","","100.000","4.00","PT","","","");
REPLACE INTO class_subject VALUES("14511AHMBAFNWPT_4","2AHMBA","WPT_4","","100.000","4.00","FN","","","");
REPLACE INTO class_subject VALUES("14511AHMBAPTWPT_4","2AHMBA","WPT_4","","100.000","4.00","PT","","","");
REPLACE INTO class_subject VALUES("14511AHMBASNWPT_4","2AHMBA","WPT_4","","100.000","4.00","SN","","","");
REPLACE INTO class_subject VALUES("1451AHWIM22RAORD","1AHWIM","ORD","","100.000","1.00","?","","","");
REPLACE INTO class_subject VALUES("1451AHWIMRAORD","2AHWIM","ORD","","100.000","1.00","RA","","","");
REPLACE INTO class_subject VALUES("14521BHMBAFSWPT_4","2BHMBA","WPT_4","","100.000","4.00","FS","","","");
REPLACE INTO class_subject VALUES("14521BHMBAPTWPT_4","2BHMBA","WPT_4","","100.000","4.00","PT","","","");
REPLACE INTO class_subject VALUES("14521BHMBATBWPT_4","2BHMBA","WPT_4","","100.000","4.00","TB","","","");
REPLACE INTO class_subject VALUES("14531BHMBAFSWPT_4","2BHMBA","WPT_4","","100.000","4.00","FS","","","");
REPLACE INTO class_subject VALUES("14531BHMBAGNWPT_4","2BHMBA","WPT_4","","100.000","4.00","GN","","","");
REPLACE INTO class_subject VALUES("14531BHMBAPTWPT_4","2BHMBA","WPT_4","","100.000","4.00","PT","","","");
REPLACE INTO class_subject VALUES("14541BHMBAFSWPT_4","2BHMBA","WPT_4","","100.000","4.00","FS","","","");
REPLACE INTO class_subject VALUES("14541BHMBAGNWPT_4","2BHMBA","WPT_4","","100.000","4.00","GN","","","");
REPLACE INTO class_subject VALUES("14541BHMBATBWPT_4","2BHMBA","WPT_4","","100.000","4.00","TB","","","");
REPLACE INTO class_subject VALUES("14551BHMBAGNWPT_4","2BHMBA","WPT_4","","100.000","4.00","GN","","","");
REPLACE INTO class_subject VALUES("14551BHMBAHDWPT_4","2BHMBA","WPT_4","","100.000","4.00","HD","","","");
REPLACE INTO class_subject VALUES("14551BHMBAWMWPT_4","2BHMBA","WPT_4","","100.000","4.00","WM","","","");
REPLACE INTO class_subject VALUES("14561BHMBAFNWPT_4","2BHMBA","WPT_4","","100.000","4.00","FN","","","");
REPLACE INTO class_subject VALUES("14561BHMBAGNWPT_4","2BHMBA","WPT_4","","100.000","4.00","GN","","","");
REPLACE INTO class_subject VALUES("14561BHMBARMWPT_4","2BHMBA","WPT_4","","100.000","4.00","RM","","","");
REPLACE INTO class_subject VALUES("14571BHMBAFNWPT_4","2BHMBA","WPT_4","","100.000","4.00","FN","","","");
REPLACE INTO class_subject VALUES("14571BHMBAHDWPT_4","2BHMBA","WPT_4","","100.000","4.00","HD","","","");
REPLACE INTO class_subject VALUES("14571BHMBATBWPT_4","2BHMBA","WPT_4","","100.000","4.00","TB","","","");
REPLACE INTO class_subject VALUES("14581BHMBAFNWPT_4","2BHMBA","WPT_4","","100.000","4.00","FN","","","");
REPLACE INTO class_subject VALUES("14581BHMBAHDWPT_4","2BHMBA","WPT_4","","100.000","4.00","HD","","","");
REPLACE INTO class_subject VALUES("14581BHMBAWMWPT_4","2BHMBA","WPT_4","","100.000","4.00","WM","","","");
REPLACE INTO class_subject VALUES("14592AHMBAGNWPT_4","3AHMBA","WPT_4","","100.000","4.00","GN","","","");
REPLACE INTO class_subject VALUES("14592AHMBAKLWPT_4","3AHMBA","WPT_4","","100.000","4.00","KL","","","");
REPLACE INTO class_subject VALUES("14592AHMBATBWPT_4","3AHMBA","WPT_4","","100.000","4.00","TB","","","");
REPLACE INTO class_subject VALUES("14602AHMBAGNWPT_4","3AHMBA","WPT_4","","100.000","4.00","GN","","","");
REPLACE INTO class_subject VALUES("14602AHMBAHOWPT_4","3AHMBA","WPT_4","","100.000","4.00","HO","","","");
REPLACE INTO class_subject VALUES("14602AHMBAKLWPT_4","3AHMBA","WPT_4","","100.000","4.00","KL","","","");
REPLACE INTO class_subject VALUES("14612AHMBAHOWPT_4","3AHMBA","WPT_4","","100.000","4.00","HO","","","");
REPLACE INTO class_subject VALUES("14612AHMBAKLWPT_4","3AHMBA","WPT_4","","100.000","4.00","KL","","","");
REPLACE INTO class_subject VALUES("14612AHMBATBWPT_4","3AHMBA","WPT_4","","100.000","4.00","TB","","","");
REPLACE INTO class_subject VALUES("1462AHWIMNOE1","3AHWIM","E1","","100.000","2.00","NO","","","");
REPLACE INTO class_subject VALUES("1462AHWIMSME1","3AHWIM","E1","","100.000","2.00","SM","","","");
REPLACE INTO class_subject VALUES("1462AHWIMZDE1","3AHWIM","E1","","100.000","2.00","ZD","","","");
REPLACE INTO class_subject VALUES("1462BHWIMNOE1","3BHWIM","E1","","100.000","2.00","NO","","","");
REPLACE INTO class_subject VALUES("1462BHWIMSME1","3BHWIM","E1","","100.000","2.00","SM","","","");
REPLACE INTO class_subject VALUES("1462BHWIMZDE1","3BHWIM","E1","","100.000","2.00","ZD","","","");
REPLACE INTO class_subject VALUES("14632AHMBAJKWPT_4","3AHMBA","WPT_4","","100.000","4.00","JK","","","");
REPLACE INTO class_subject VALUES("14632AHMBAPEWPT_4","3AHMBA","WPT_4","","100.000","4.00","PE","","","");
REPLACE INTO class_subject VALUES("14632AHMBASNWPT_4","3AHMBA","WPT_4","","100.000","4.00","SN","","","");
REPLACE INTO class_subject VALUES("14642AHMBAJKWPT_4","3AHMBA","WPT_4","","100.000","4.00","JK","","","");
REPLACE INTO class_subject VALUES("14642AHMBAPEWPT_4","3AHMBA","WPT_4","","100.000","4.00","PE","","","");
REPLACE INTO class_subject VALUES("14642AHMBAPTWPT_4","3AHMBA","WPT_4","","100.000","4.00","PT","","","");
REPLACE INTO class_subject VALUES("14652AHMBAJKWPT_4","3AHMBA","WPT_4","","100.000","4.00","JK","","","");
REPLACE INTO class_subject VALUES("14652AHMBAPTWPT_4","3AHMBA","WPT_4","","100.000","4.00","PT","","","");
REPLACE INTO class_subject VALUES("14652AHMBASNWPT_4","3AHMBA","WPT_4","","100.000","4.00","SN","","","");
REPLACE INTO class_subject VALUES("14662AHMBAGNWPT_4","3AHMBA","WPT_4","","100.000","4.00","GN","","","");
REPLACE INTO class_subject VALUES("14662AHMBAHOWPT_4","3AHMBA","WPT_4","","100.000","4.00","HO","","","");
REPLACE INTO class_subject VALUES("14662AHMBATBWPT_4","3AHMBA","WPT_4","","100.000","4.00","TB","","","");
REPLACE INTO class_subject VALUES("14672BHMBAFNWPT_4","3BHMBA","WPT_4","","100.000","4.00","FN","","","");
REPLACE INTO class_subject VALUES("14672BHMBAHDWPT_4","3BHMBA","WPT_4","","100.000","4.00","HD","","","");
REPLACE INTO class_subject VALUES("14672BHMBATBWPT_4","3BHMBA","WPT_4","","100.000","4.00","TB","","","");
REPLACE INTO class_subject VALUES("14682BHMBAFNWPT_4","3BHMBA","WPT_4","","100.000","4.00","FN","","","");
REPLACE INTO class_subject VALUES("14682BHMBAKIWPT_4","3BHMBA","WPT_4","","100.000","4.00","KI","","","");
REPLACE INTO class_subject VALUES("14682BHMBATBWPT_4","3BHMBA","WPT_4","","100.000","4.00","TB","","","");
REPLACE INTO class_subject VALUES("14692BHMBAHDWPT_4","3BHMBA","WPT_4","","100.000","4.00","HD","","","");
REPLACE INTO class_subject VALUES("14692BHMBAKIWPT_4","3BHMBA","WPT_4","","100.000","4.00","KI","","","");
REPLACE INTO class_subject VALUES("14692BHMBATBWPT_4","3BHMBA","WPT_4","","100.000","4.00","TB","","","");
REPLACE INTO class_subject VALUES("14702BHMBAPTWPT_4","3BHMBA","WPT_4","","100.000","4.00","PT","","","");
REPLACE INTO class_subject VALUES("14702BHMBASNWPT_4","3BHMBA","WPT_4","","100.000","4.00","SN","","","");
REPLACE INTO class_subject VALUES("14702BHMBATBWPT_4","3BHMBA","WPT_4","","100.000","4.00","TB","","","");
REPLACE INTO class_subject VALUES("14712BHMBAGNWPT_4","3BHMBA","WPT_4","","100.000","4.00","GN","","","");
REPLACE INTO class_subject VALUES("14712BHMBAPTWPT_4","3BHMBA","WPT_4","","100.000","4.00","PT","","","");
REPLACE INTO class_subject VALUES("14712BHMBATBWPT_4","3BHMBA","WPT_4","","100.000","4.00","TB","","","");
REPLACE INTO class_subject VALUES("14722BHMBAGNWPT_4","3BHMBA","WPT_4","","100.000","4.00","GN","","","");
REPLACE INTO class_subject VALUES("14722BHMBAPTWPT_4","3BHMBA","WPT_4","","100.000","4.00","PT","","","");
REPLACE INTO class_subject VALUES("14722BHMBASNWPT_4","3BHMBA","WPT_4","","100.000","4.00","SN","","","");
REPLACE INTO class_subject VALUES("1472AHWIMATD","3AHWIM","D","","100.000","2.00","AT","","","");
REPLACE INTO class_subject VALUES("14733AHMBAPEWPT_4","4AHMBA","WPT_4","","100.000","4.00","PE","","","");
REPLACE INTO class_subject VALUES("14733AHMBAPTWPT_4","4AHMBA","WPT_4","","100.000","4.00","PT","","","");
REPLACE INTO class_subject VALUES("14743AHMBAFSWPT_4","4AHMBA","WPT_4","","100.000","4.00","FS","","","");
REPLACE INTO class_subject VALUES("14743AHMBASDWPT_4","4AHMBA","WPT_4","","100.000","4.00","SD","","","");
REPLACE INTO class_subject VALUES("14753AHMBAPEWPT_4","4AHMBA","WPT_4","","100.000","4.00","PE","","","");
REPLACE INTO class_subject VALUES("14753AHMBASDWPT_4","4AHMBA","WPT_4","","100.000","4.00","SD","","","");
REPLACE INTO class_subject VALUES("14763AHMBAHOWPT_4","4AHMBA","WPT_4","","100.000","4.00","HO","","","");
REPLACE INTO class_subject VALUES("14763AHMBASDWPT_4","4AHMBA","WPT_4","","100.000","4.00","SD","","","");
REPLACE INTO class_subject VALUES("14773AHMBAHOWPT_4","4AHMBA","WPT_4","","100.000","4.00","HO","","","");
REPLACE INTO class_subject VALUES("14773AHMBAPTWPT_4","4AHMBA","WPT_4","","100.000","4.00","PT","","","");
REPLACE INTO class_subject VALUES("14783AHMBAHOWPT_4","4AHMBA","WPT_4","","100.000","4.00","HO","","","");
REPLACE INTO class_subject VALUES("14783AHMBAKIWPT_4","4AHMBA","WPT_4","","100.000","4.00","KI","","","");
REPLACE INTO class_subject VALUES("14783AHMBASNWPT_4","4AHMBA","WPT_4","","100.000","4.00","SN","","","");
REPLACE INTO class_subject VALUES("14793AHMBAKIWPT_4","4AHMBA","WPT_4","","100.000","4.00","KI","","","");
REPLACE INTO class_subject VALUES("14793AHMBAPEWPT_4","4AHMBA","WPT_4","","100.000","4.00","PE","","","");
REPLACE INTO class_subject VALUES("14793AHMBASWWPT_4","4AHMBA","WPT_4","","100.000","4.00","SW","","","");
REPLACE INTO class_subject VALUES("14803AHMBAKIWPT_4","4AHMBA","WPT_4","","100.000","4.00","KI","","","");
REPLACE INTO class_subject VALUES("14803AHMBAPEWPT_4","4AHMBA","WPT_4","","100.000","4.00","PE","","","");
REPLACE INTO class_subject VALUES("14803AHMBASNWPT_4","4AHMBA","WPT_4","","100.000","4.00","SN","","","");
REPLACE INTO class_subject VALUES("14813AHMBAHOWPT_4","4AHMBA","WPT_4","","100.000","4.00","HO","","","");
REPLACE INTO class_subject VALUES("14813AHMBAKIWPT_4","4AHMBA","WPT_4","","100.000","4.00","KI","","","");
REPLACE INTO class_subject VALUES("14813AHMBAPEWPT_4","4AHMBA","WPT_4","","100.000","4.00","PE","","","");
REPLACE INTO class_subject VALUES("14823BHMBASWWPT_4","4BHMBA","WPT_4","","100.000","4.00","SW","","","");
REPLACE INTO class_subject VALUES("14823BHMBAWMWPT_4","4BHMBA","WPT_4","","100.000","4.00","WM","","","");
REPLACE INTO class_subject VALUES("1482AHWIMSRBESP","3AHWIM","BESP","","100.000","2.00","SR","","","");
REPLACE INTO class_subject VALUES("14833BHMBASBWPT_4","4BHMBA","WPT_4","","100.000","4.00","SB","","","");
REPLACE INTO class_subject VALUES("14833BHMBAWMWPT_4","4BHMBA","WPT_4","","100.000","4.00","WM","","","");
REPLACE INTO class_subject VALUES("14843BHMBASBWPT_4","4BHMBA","WPT_4","","100.000","4.00","SB","","","");
REPLACE INTO class_subject VALUES("14843BHMBAZEWPT_4","4BHMBA","WPT_4","","100.000","4.00","ZE","","","");
REPLACE INTO class_subject VALUES("14853BHMBAFNWPT_4","4BHMBA","WPT_4","","100.000","4.00","FN","","","");
REPLACE INTO class_subject VALUES("14853BHMBAJKWPT_4","4BHMBA","WPT_4","","100.000","4.00","JK","","","");
REPLACE INTO class_subject VALUES("14853BHMBAPEWPT_4","4BHMBA","WPT_4","","100.000","4.00","PE","","","");
REPLACE INTO class_subject VALUES("14863BHMBAFNWPT_4","4BHMBA","WPT_4","","100.000","4.00","FN","","","");
REPLACE INTO class_subject VALUES("14863BHMBAJKWPT_4","4BHMBA","WPT_4","","100.000","4.00","JK","","","");
REPLACE INTO class_subject VALUES("14863BHMBASNWPT_4","4BHMBA","WPT_4","","100.000","4.00","SN","","","");
REPLACE INTO class_subject VALUES("14873BHMBAJKWPT_4","4BHMBA","WPT_4","","100.000","4.00","JK","","","");
REPLACE INTO class_subject VALUES("14873BHMBAPEWPT_4","4BHMBA","WPT_4","","100.000","4.00","PE","","","");
REPLACE INTO class_subject VALUES("14873BHMBASWWPT_4","4BHMBA","WPT_4","","100.000","4.00","SW","","","");
REPLACE INTO class_subject VALUES("14883BHMBAJKWPT_4","4BHMBA","WPT_4","","100.000","4.00","JK","","","");
REPLACE INTO class_subject VALUES("14883BHMBAPEWPT_4","4BHMBA","WPT_4","","100.000","4.00","PE","","","");
REPLACE INTO class_subject VALUES("14883BHMBASNWPT_4","4BHMBA","WPT_4","","100.000","4.00","SN","","","");
REPLACE INTO class_subject VALUES("14894AHMBABAWPT_3","5AHMBA","WPT_3","","100.000","3.00","BA","","","");
REPLACE INTO class_subject VALUES("14894AHMBAHOWPT_3","5AHMBA","WPT_3","","100.000","3.00","HO","","","");
REPLACE INTO class_subject VALUES("14894AHMBAPEWPT_3","5AHMBA","WPT_3","","100.000","3.00","PE","","","");
REPLACE INTO class_subject VALUES("14894AHMBASWWPT_3","5AHMBA","WPT_3","","100.000","3.00","SW","","","");
REPLACE INTO class_subject VALUES("14894AHMBAZEWPT_3","5AHMBA","WPT_3","","100.000","3.00","ZE","","","");
REPLACE INTO class_subject VALUES("14894BHMBABAWPT_3","5BHMBA","WPT_3","","100.000","3.00","BA","","","");
REPLACE INTO class_subject VALUES("14894BHMBAHOWPT_3","5BHMBA","WPT_3","","100.000","3.00","HO","","","");
REPLACE INTO class_subject VALUES("14894BHMBAPEWPT_3","5BHMBA","WPT_3","","100.000","3.00","PE","","","");
REPLACE INTO class_subject VALUES("14894BHMBASWWPT_3","5BHMBA","WPT_3","","100.000","3.00","SW","","","");
REPLACE INTO class_subject VALUES("14894BHMBAZEWPT_3","5BHMBA","WPT_3","","100.000","3.00","ZE","","","");
REPLACE INTO class_subject VALUES("14904AHMBAHOWPT_3","5AHMBA","WPT_3","","100.000","3.00","HO","","","");
REPLACE INTO class_subject VALUES("14904AHMBAPEWPT_3","5AHMBA","WPT_3","","100.000","3.00","PE","","","");
REPLACE INTO class_subject VALUES("14904AHMBASBWPT_3","5AHMBA","WPT_3","","100.000","3.00","SB","","","");
REPLACE INTO class_subject VALUES("14904AHMBASWWPT_3","5AHMBA","WPT_3","","100.000","3.00","SW","","","");
REPLACE INTO class_subject VALUES("14904AHMBAZEWPT_3","5AHMBA","WPT_3","","100.000","3.00","ZE","","","");
REPLACE INTO class_subject VALUES("14904BHMBAHOWPT_3","5BHMBA","WPT_3","","100.000","3.00","HO","","","");
REPLACE INTO class_subject VALUES("14904BHMBAPEWPT_3","5BHMBA","WPT_3","","100.000","3.00","PE","","","");
REPLACE INTO class_subject VALUES("14904BHMBASBWPT_3","5BHMBA","WPT_3","","100.000","3.00","SB","","","");
REPLACE INTO class_subject VALUES("14904BHMBASWWPT_3","5BHMBA","WPT_3","","100.000","3.00","SW","","","");
REPLACE INTO class_subject VALUES("14904BHMBAZEWPT_3","5BHMBA","WPT_3","","100.000","3.00","ZE","","","");
REPLACE INTO class_subject VALUES("14914AHMBABAWPT_3","5AHMBA","WPT_3","","100.000","3.00","BA","","","");
REPLACE INTO class_subject VALUES("14914AHMBAHOWPT_3","5AHMBA","WPT_3","","100.000","3.00","HO","","","");
REPLACE INTO class_subject VALUES("14914AHMBAPEWPT_3","5AHMBA","WPT_3","","100.000","3.00","PE","","","");
REPLACE INTO class_subject VALUES("14914AHMBASBWPT_3","5AHMBA","WPT_3","","100.000","3.00","SB","","","");
REPLACE INTO class_subject VALUES("14914AHMBAZEWPT_3","5AHMBA","WPT_3","","100.000","3.00","ZE","","","");
REPLACE INTO class_subject VALUES("14914BHMBABAWPT_3","5BHMBA","WPT_3","","100.000","3.00","BA","","","");
REPLACE INTO class_subject VALUES("14914BHMBAHOWPT_3","5BHMBA","WPT_3","","100.000","3.00","HO","","","");
REPLACE INTO class_subject VALUES("14914BHMBAPEWPT_3","5BHMBA","WPT_3","","100.000","3.00","PE","","","");
REPLACE INTO class_subject VALUES("14914BHMBASBWPT_3","5BHMBA","WPT_3","","100.000","3.00","SB","","","");
REPLACE INTO class_subject VALUES("14914BHMBAZEWPT_3","5BHMBA","WPT_3","","100.000","3.00","ZE","","","");
REPLACE INTO class_subject VALUES("14924AHMBABAWPT_3","5AHMBA","WPT_3","","100.000","3.00","BA","","","");
REPLACE INTO class_subject VALUES("14924AHMBAHOWPT_3","5AHMBA","WPT_3","","100.000","3.00","HO","","","");
REPLACE INTO class_subject VALUES("14924AHMBAPEWPT_3","5AHMBA","WPT_3","","100.000","3.00","PE","","","");
REPLACE INTO class_subject VALUES("14924AHMBASBWPT_3","5AHMBA","WPT_3","","100.000","3.00","SB","","","");
REPLACE INTO class_subject VALUES("14924AHMBAZEWPT_3","5AHMBA","WPT_3","","100.000","3.00","ZE","","","");
REPLACE INTO class_subject VALUES("14924BHMBABAWPT_3","5BHMBA","WPT_3","","100.000","3.00","BA","","","");
REPLACE INTO class_subject VALUES("14924BHMBAHOWPT_3","5BHMBA","WPT_3","","100.000","3.00","HO","","","");
REPLACE INTO class_subject VALUES("14924BHMBAPEWPT_3","5BHMBA","WPT_3","","100.000","3.00","PE","","","");
REPLACE INTO class_subject VALUES("14924BHMBASBWPT_3","5BHMBA","WPT_3","","100.000","3.00","SB","","","");
REPLACE INTO class_subject VALUES("14924BHMBAZEWPT_3","5BHMBA","WPT_3","","100.000","3.00","ZE","","","");
REPLACE INTO class_subject VALUES("1492AHWIMSTAM","3AHWIM","AM","","100.000","3.00","ST","","","");
REPLACE INTO class_subject VALUES("14934AHMBABAWPT_3","5AHMBA","WPT_3","","100.000","3.00","BA","","","");
REPLACE INTO class_subject VALUES("14934AHMBAHOWPT_3","5AHMBA","WPT_3","","100.000","3.00","HO","","","");
REPLACE INTO class_subject VALUES("14934AHMBAPEWPT_3","5AHMBA","WPT_3","","100.000","3.00","PE","","","");
REPLACE INTO class_subject VALUES("14934AHMBASBWPT_3","5AHMBA","WPT_3","","100.000","3.00","SB","","","");
REPLACE INTO class_subject VALUES("14934AHMBAZEWPT_3","5AHMBA","WPT_3","","100.000","3.00","ZE","","","");
REPLACE INTO class_subject VALUES("14934BHMBABAWPT_3","5BHMBA","WPT_3","","100.000","3.00","BA","","","");
REPLACE INTO class_subject VALUES("14934BHMBAHOWPT_3","5BHMBA","WPT_3","","100.000","3.00","HO","","","");
REPLACE INTO class_subject VALUES("14934BHMBAPEWPT_3","5BHMBA","WPT_3","","100.000","3.00","PE","","","");
REPLACE INTO class_subject VALUES("14934BHMBASBWPT_3","5BHMBA","WPT_3","","100.000","3.00","SB","","","");
REPLACE INTO class_subject VALUES("14934BHMBAZEWPT_3","5BHMBA","WPT_3","","100.000","3.00","ZE","","","");
REPLACE INTO class_subject VALUES("14981AHETFAWPT_4","2AHET","WPT_4","","100.000","4.00","FA","","","");
REPLACE INTO class_subject VALUES("14981AHETFKWPT_4","2AHET","WPT_4","","100.000","4.00","FK","","","");
REPLACE INTO class_subject VALUES("14981AHETHEWPT_4","2AHET","WPT_4","","100.000","4.00","HE","","","");
REPLACE INTO class_subject VALUES("14981AHETKIWPT_4","2AHET","WPT_4","","100.000","4.00","KI","","","");
REPLACE INTO class_subject VALUES("14991AHETFAWPT_4","2AHET","WPT_4","","100.000","4.00","FA","","","");
REPLACE INTO class_subject VALUES("14991AHETFKWPT_4","2AHET","WPT_4","","100.000","4.00","FK","","","");
REPLACE INTO class_subject VALUES("14991AHETHEWPT_4","2AHET","WPT_4","","100.000","4.00","HE","","","");
REPLACE INTO class_subject VALUES("14991AHETKIWPT_4","2AHET","WPT_4","","100.000","4.00","KI","","","");
REPLACE INTO class_subject VALUES("15001AHETFAWPT_4","2AHET","WPT_4","","100.000","4.00","FA","","","");
REPLACE INTO class_subject VALUES("15001AHETFKWPT_4","2AHET","WPT_4","","100.000","4.00","FK","","","");
REPLACE INTO class_subject VALUES("15001AHETHEWPT_4","2AHET","WPT_4","","100.000","4.00","HE","","","");
REPLACE INTO class_subject VALUES("15001AHETKIWPT_4","2AHET","WPT_4","","100.000","4.00","KI","","","");
REPLACE INTO class_subject VALUES("15011AHETFNWPT_4","2AHET","WPT_4","","100.000","4.00","FN","","","");
REPLACE INTO class_subject VALUES("15011AHETGNWPT_4","2AHET","WPT_4","","100.000","4.00","GN","","","");
REPLACE INTO class_subject VALUES("15011AHETHDWPT_4","2AHET","WPT_4","","100.000","4.00","HD","","","");
REPLACE INTO class_subject VALUES("15011AHETKIWPT_4","2AHET","WPT_4","","100.000","4.00","KI","","","");
REPLACE INTO class_subject VALUES("15021AHETFNWPT_4","2AHET","WPT_4","","100.000","4.00","FN","","","");
REPLACE INTO class_subject VALUES("15021AHETHDWPT_4","2AHET","WPT_4","","100.000","4.00","HD","","","");
REPLACE INTO class_subject VALUES("15021AHETKIWPT_4","2AHET","WPT_4","","100.000","4.00","KI","","","");
REPLACE INTO class_subject VALUES("15021AHETSNWPT_4","2AHET","WPT_4","","100.000","4.00","SN","","","");
REPLACE INTO class_subject VALUES("1502AHWIMJCINFI","3AHWIM","INFI","","100.000","2.00","JC","","","");
REPLACE INTO class_subject VALUES("1502AHWIMKJINFI","3AHWIM","INFI","","100.000","2.00","KJ","","","");
REPLACE INTO class_subject VALUES("15031AHETHDWPT_4","2AHET","WPT_4","","100.000","4.00","HD","","","");
REPLACE INTO class_subject VALUES("15031AHETKIWPT_4","2AHET","WPT_4","","100.000","4.00","KI","","","");
REPLACE INTO class_subject VALUES("15031AHETPTWPT_4","2AHET","WPT_4","","100.000","4.00","PT","","","");
REPLACE INTO class_subject VALUES("15031AHETSWWPT_4","2AHET","WPT_4","","100.000","4.00","SW","","","");
REPLACE INTO class_subject VALUES("15042AHETBAWPT_4","3AHET","WPT_4","","100.000","4.00","BA","","","");
REPLACE INTO class_subject VALUES("15042AHETJKWPT_4","3AHET","WPT_4","","100.000","4.00","JK","","","");
REPLACE INTO class_subject VALUES("15052AHETJKWPT_4","3AHET","WPT_4","","100.000","4.00","JK","","","");
REPLACE INTO class_subject VALUES("15052AHETZEWPT_4","3AHET","WPT_4","","100.000","4.00","ZE","","","");
REPLACE INTO class_subject VALUES("15072AHETFAWPT_4","3AHET","WPT_4","","100.000","4.00","FA","","","");
REPLACE INTO class_subject VALUES("15072AHETJKWPT_4","3AHET","WPT_4","","100.000","4.00","JK","","","");
REPLACE INTO class_subject VALUES("15082AHETDRWPT_4","3AHET","WPT_4","","100.000","4.00","DR","","","");
REPLACE INTO class_subject VALUES("15082AHETFKWPT_4","3AHET","WPT_4","","100.000","4.00","FK","","","");
REPLACE INTO class_subject VALUES("15092AHETFAWPT_4","3AHET","WPT_4","","100.000","4.00","FA","","","");
REPLACE INTO class_subject VALUES("15092AHETSBWPT_4","3AHET","WPT_4","","100.000","4.00","SB","","","");
REPLACE INTO class_subject VALUES("15113AHETSDRWPT_4","4AHETS","WPT_4","","100.000","3.00","DR","","","");
REPLACE INTO class_subject VALUES("15113AHETSFAWPT_4","4AHETS","WPT_4","","100.000","3.00","FA","","","");
REPLACE INTO class_subject VALUES("15113AHETSSDWPT_4","4AHETS","WPT_4","","100.000","3.00","SD","","","");
REPLACE INTO class_subject VALUES("15123AHETSDRWPT_4","4AHETS","WPT_4","","100.000","3.00","DR","","","");
REPLACE INTO class_subject VALUES("15123AHETSFAWPT_4","4AHETS","WPT_4","","100.000","3.00","FA","","","");
REPLACE INTO class_subject VALUES("15123AHETSSDWPT_4","4AHETS","WPT_4","","100.000","3.00","SD","","","");
REPLACE INTO class_subject VALUES("1512AHWIMWKUFW_2","3AHWIM","UFW_2","","100.000","1.00","WK","","","");
REPLACE INTO class_subject VALUES("15133AHETSBAWPT_4","4AHETS","WPT_4","","100.000","4.00","BA","","","");
REPLACE INTO class_subject VALUES("15133AHETSDRWPT_4","4AHETS","WPT_4","","100.000","4.00","DR","","","");
REPLACE INTO class_subject VALUES("15133AHETSJKWPT_4","4AHETS","WPT_4","","100.000","4.00","JK","","","");
REPLACE INTO class_subject VALUES("15143AHETSBAWPT_4","4AHETS","WPT_4","","100.000","4.00","BA","","","");
REPLACE INTO class_subject VALUES("15143AHETSDRWPT_4","4AHETS","WPT_4","","100.000","4.00","DR","","","");
REPLACE INTO class_subject VALUES("15143AHETSSBWPT_4","4AHETS","WPT_4","","100.000","4.00","SB","","","");
REPLACE INTO class_subject VALUES("15153AHETSDRWPT_4","4AHETS","WPT_4","","100.000","4.00","DR","","","");
REPLACE INTO class_subject VALUES("15153AHETSJKWPT_4","4AHETS","WPT_4","","100.000","4.00","JK","","","");
REPLACE INTO class_subject VALUES("15153AHETSSBWPT_4","4AHETS","WPT_4","","100.000","4.00","SB","","","");
REPLACE INTO class_subject VALUES("15164AHETSBAWPT_3","5AHETS","WPT_3","","100.000","3.00","BA","","","");
REPLACE INTO class_subject VALUES("15164AHETSSOWPT_3","5AHETS","WPT_3","","100.000","3.00","SO","","","");
REPLACE INTO class_subject VALUES("15174AHETSBAWPT_3","5AHETS","WPT_3","","100.000","3.00","BA","","","");
REPLACE INTO class_subject VALUES("15174AHETSSBWPT_3","5AHETS","WPT_3","","100.000","3.00","SB","","","");
REPLACE INTO class_subject VALUES("15184AHETSBAWPT_3","5AHETS","WPT_3","","100.000","3.00","BA","","","");
REPLACE INTO class_subject VALUES("15184AHETSSBWPT_3","5AHETS","WPT_3","","100.000","3.00","SB","","","");
REPLACE INTO class_subject VALUES("15221AHITDRCOPR","2AHIT","COPR","","100.000","4.00","DR","","","");
REPLACE INTO class_subject VALUES("15221AHITDRCOPR-22N","1AHIT","COPR","","100.000","4.00","?","","","");
REPLACE INTO class_subject VALUES("15221AHITFACOPR","2AHIT","COPR","","100.000","4.00","FA","","","");
REPLACE INTO class_subject VALUES("15221AHITFACOPR-22N","1AHIT","COPR","","100.000","4.00","?","","","");
REPLACE INTO class_subject VALUES("15221AHITFKCOPR","2AHIT","COPR","","100.000","4.00","FK","","","");
REPLACE INTO class_subject VALUES("15221AHITFKCOPR-22N","1AHIT","COPR","","100.000","4.00","?","","","");
REPLACE INTO class_subject VALUES("15221AHITSXCOPR","2AHIT","COPR","","100.000","4.00","SX","","","");
REPLACE INTO class_subject VALUES("15221AHITSXCOPR-22N","1AHIT","COPR","","100.000","4.00","?","","","");
REPLACE INTO class_subject VALUES("1522AHWIMWKBET","3AHWIM","BET","","100.000","1.00","WK","","","");
REPLACE INTO class_subject VALUES("15231AHITDRCOPR","2AHIT","COPR","","100.000","4.00","DR","","","");
REPLACE INTO class_subject VALUES("15231AHITDRCOPR-22N","1AHIT","COPR","","100.000","4.00","?","","","");
REPLACE INTO class_subject VALUES("15231AHITFACOPR","2AHIT","COPR","","100.000","4.00","FA","","","");
REPLACE INTO class_subject VALUES("15231AHITFACOPR-22N","1AHIT","COPR","","100.000","4.00","?","","","");
REPLACE INTO class_subject VALUES("15231AHITFKCOPR","2AHIT","COPR","","100.000","4.00","FK","","","");
REPLACE INTO class_subject VALUES("15231AHITFKCOPR-22N","1AHIT","COPR","","100.000","4.00","?","","","");
REPLACE INTO class_subject VALUES("15231AHITSXCOPR","2AHIT","COPR","","100.000","4.00","SX","","","");
REPLACE INTO class_subject VALUES("15231AHITSXCOPR-22N","1AHIT","COPR","","100.000","4.00","?","","","");
REPLACE INTO class_subject VALUES("15241AHITDRCOPR","2AHIT","COPR","","100.000","4.00","DR","","","");
REPLACE INTO class_subject VALUES("15241AHITDRCOPR-22N","1AHIT","COPR","","100.000","4.00","?","","","");
REPLACE INTO class_subject VALUES("15241AHITFACOPR","2AHIT","COPR","","100.000","4.00","FA","","","");
REPLACE INTO class_subject VALUES("15241AHITFACOPR-22N","1AHIT","COPR","","100.000","4.00","?","","","");
REPLACE INTO class_subject VALUES("15241AHITFKCOPR","2AHIT","COPR","","100.000","4.00","FK","","","");
REPLACE INTO class_subject VALUES("15241AHITFKCOPR-22N","1AHIT","COPR","","100.000","4.00","?","","","");
REPLACE INTO class_subject VALUES("15241AHITSXCOPR","2AHIT","COPR","","100.000","4.00","SX","","","");
REPLACE INTO class_subject VALUES("15241AHITSXCOPR-22N","1AHIT","COPR","","100.000","4.00","?","","","");
REPLACE INTO class_subject VALUES("15252AHITFKCOPR","3AHIT","COPR","","100.000","4.00","FK","","","");
REPLACE INTO class_subject VALUES("15252AHITJKCOPR","3AHIT","COPR","","100.000","4.00","JK","","","");
REPLACE INTO class_subject VALUES("15252AHITSXCOPR","3AHIT","COPR","","100.000","4.00","SX","","","");
REPLACE INTO class_subject VALUES("15262AHITFKCOPR","3AHIT","COPR","","100.000","4.00","FK","","","");
REPLACE INTO class_subject VALUES("15262AHITJKCOPR","3AHIT","COPR","","100.000","4.00","JK","","","");
REPLACE INTO class_subject VALUES("15262AHITSXCOPR","3AHIT","COPR","","100.000","4.00","SX","","","");
REPLACE INTO class_subject VALUES("15271AHWIM22FNWPT_4","1AHWIM","WPT_4","","100.000","5.00","?","","","");
REPLACE INTO class_subject VALUES("15271AHWIM22FSWPT_4","1AHWIM","WPT_4","","100.000","5.00","?","","","");
REPLACE INTO class_subject VALUES("15271AHWIM22HDWPT_4","1AHWIM","WPT_4","","100.000","5.00","?","","","");
REPLACE INTO class_subject VALUES("15271AHWIM22RMWPT_4","1AHWIM","WPT_4","","100.000","5.00","?","","","");
REPLACE INTO class_subject VALUES("15271AHWIMFNWPT_4","2AHWIM","WPT_4","","100.000","5.00","FN","","","");
REPLACE INTO class_subject VALUES("15271AHWIMFSWPT_4","2AHWIM","WPT_4","","100.000","5.00","FS","","","");
REPLACE INTO class_subject VALUES("15271AHWIMHDWPT_4","2AHWIM","WPT_4","","100.000","5.00","HD","","","");
REPLACE INTO class_subject VALUES("15271AHWIMRMWPT_4","2AHWIM","WPT_4","","100.000","5.00","RM","","","");
REPLACE INTO class_subject VALUES("15281AHWIM22FNWPT_4","1AHWIM","WPT_4","","100.000","5.00","?","","","");
REPLACE INTO class_subject VALUES("15281AHWIM22FSWPT_4","1AHWIM","WPT_4","","100.000","5.00","?","","","");
REPLACE INTO class_subject VALUES("15281AHWIM22HDWPT_4","1AHWIM","WPT_4","","100.000","5.00","?","","","");
REPLACE INTO class_subject VALUES("15281AHWIM22RMWPT_4","1AHWIM","WPT_4","","100.000","5.00","?","","","");
REPLACE INTO class_subject VALUES("15281AHWIMFNWPT_4","2AHWIM","WPT_4","","100.000","5.00","FN","","","");
REPLACE INTO class_subject VALUES("15281AHWIMFSWPT_4","2AHWIM","WPT_4","","100.000","5.00","FS","","","");
REPLACE INTO class_subject VALUES("15281AHWIMHDWPT_4","2AHWIM","WPT_4","","100.000","5.00","HD","","","");
REPLACE INTO class_subject VALUES("15281AHWIMRMWPT_4","2AHWIM","WPT_4","","100.000","5.00","RM","","","");
REPLACE INTO class_subject VALUES("15291AHWIM22FNWPT_4","1AHWIM","WPT_4","","100.000","5.00","?","","","");
REPLACE INTO class_subject VALUES("15291AHWIM22FSWPT_4","1AHWIM","WPT_4","","100.000","5.00","?","","","");
REPLACE INTO class_subject VALUES("15291AHWIM22HDWPT_4","1AHWIM","WPT_4","","100.000","5.00","?","","","");
REPLACE INTO class_subject VALUES("15291AHWIM22RMWPT_4","1AHWIM","WPT_4","","100.000","5.00","?","","","");
REPLACE INTO class_subject VALUES("15291AHWIMFNWPT_4","2AHWIM","WPT_4","","100.000","5.00","FN","","","");
REPLACE INTO class_subject VALUES("15291AHWIMFSWPT_4","2AHWIM","WPT_4","","100.000","5.00","FS","","","");
REPLACE INTO class_subject VALUES("15291AHWIMHDWPT_4","2AHWIM","WPT_4","","100.000","5.00","HD","","","");
REPLACE INTO class_subject VALUES("15291AHWIMRMWPT_4","2AHWIM","WPT_4","","100.000","5.00","RM","","","");
REPLACE INTO class_subject VALUES("15301AHWIM22FNWPT_4","1AHWIM","WPT_4","","100.000","5.00","?","","","");
REPLACE INTO class_subject VALUES("15301AHWIM22FSWPT_4","1AHWIM","WPT_4","","100.000","5.00","?","","","");
REPLACE INTO class_subject VALUES("15301AHWIM22HDWPT_4","1AHWIM","WPT_4","","100.000","5.00","?","","","");
REPLACE INTO class_subject VALUES("15301AHWIM22RMWPT_4","1AHWIM","WPT_4","","100.000","5.00","?","","","");
REPLACE INTO class_subject VALUES("15301AHWIMFNWPT_4","2AHWIM","WPT_4","","100.000","5.00","FN","","","");
REPLACE INTO class_subject VALUES("15301AHWIMFSWPT_4","2AHWIM","WPT_4","","100.000","5.00","FS","","","");
REPLACE INTO class_subject VALUES("15301AHWIMHDWPT_4","2AHWIM","WPT_4","","100.000","5.00","HD","","","");
REPLACE INTO class_subject VALUES("15301AHWIMRMWPT_4","2AHWIM","WPT_4","","100.000","5.00","RM","","","");
REPLACE INTO class_subject VALUES("15311AHWIM22FNWPT_4","1AHWIM","WPT_4","","100.000","5.00","?","","","");
REPLACE INTO class_subject VALUES("15311AHWIM22FSWPT_4","1AHWIM","WPT_4","","100.000","5.00","?","","","");
REPLACE INTO class_subject VALUES("15311AHWIM22HDWPT_4","1AHWIM","WPT_4","","100.000","5.00","?","","","");
REPLACE INTO class_subject VALUES("15311AHWIM22RMWPT_4","1AHWIM","WPT_4","","100.000","5.00","?","","","");
REPLACE INTO class_subject VALUES("15311AHWIMFNWPT_4","2AHWIM","WPT_4","","100.000","5.00","FN","","","");
REPLACE INTO class_subject VALUES("15311AHWIMFSWPT_4","2AHWIM","WPT_4","","100.000","5.00","FS","","","");
REPLACE INTO class_subject VALUES("15311AHWIMHDWPT_4","2AHWIM","WPT_4","","100.000","5.00","HD","","","");
REPLACE INTO class_subject VALUES("15311AHWIMRMWPT_4","2AHWIM","WPT_4","","100.000","5.00","RM","","","");
REPLACE INTO class_subject VALUES("15321AHWIM22FNWPT_4","1AHWIM","WPT_4","","100.000","5.00","?","","","");
REPLACE INTO class_subject VALUES("15321AHWIM22FSWPT_4","1AHWIM","WPT_4","","100.000","5.00","?","","","");
REPLACE INTO class_subject VALUES("15321AHWIM22HDWPT_4","1AHWIM","WPT_4","","100.000","5.00","?","","","");
REPLACE INTO class_subject VALUES("15321AHWIM22RMWPT_4","1AHWIM","WPT_4","","100.000","5.00","?","","","");
REPLACE INTO class_subject VALUES("15321AHWIMFNWPT_4","2AHWIM","WPT_4","","100.000","5.00","FN","","","");
REPLACE INTO class_subject VALUES("15321AHWIMFSWPT_4","2AHWIM","WPT_4","","100.000","5.00","FS","","","");
REPLACE INTO class_subject VALUES("15321AHWIMHDWPT_4","2AHWIM","WPT_4","","100.000","5.00","HD","","","");
REPLACE INTO class_subject VALUES("15321AHWIMRMWPT_4","2AHWIM","WPT_4","","100.000","5.00","RM","","","");
REPLACE INTO class_subject VALUES("1532AHWIMMVWSFT","3AHWIM","WSFT","","100.000","1.00","MV","","","");
REPLACE INTO class_subject VALUES("15331AHWIM22FNWPT_4","1AHWIM","WPT_4","","100.000","5.00","?","","","");
REPLACE INTO class_subject VALUES("15331AHWIM22FSWPT_4","1AHWIM","WPT_4","","100.000","5.00","?","","","");
REPLACE INTO class_subject VALUES("15331AHWIM22HDWPT_4","1AHWIM","WPT_4","","100.000","5.00","?","","","");
REPLACE INTO class_subject VALUES("15331AHWIM22RMWPT_4","1AHWIM","WPT_4","","100.000","5.00","?","","","");
REPLACE INTO class_subject VALUES("15331AHWIMFNWPT_4","2AHWIM","WPT_4","","100.000","5.00","FN","","","");
REPLACE INTO class_subject VALUES("15331AHWIMFSWPT_4","2AHWIM","WPT_4","","100.000","5.00","FS","","","");
REPLACE INTO class_subject VALUES("15331AHWIMHDWPT_4","2AHWIM","WPT_4","","100.000","5.00","HD","","","");
REPLACE INTO class_subject VALUES("15331AHWIMRMWPT_4","2AHWIM","WPT_4","","100.000","5.00","RM","","","");
REPLACE INTO class_subject VALUES("15341BHWIM22FNWPT_4","1BHWIM","WPT_4","","100.000","5.00","?","","","");
REPLACE INTO class_subject VALUES("15341BHWIM22GNWPT_4","1BHWIM","WPT_4","","100.000","5.00","?","","","");
REPLACE INTO class_subject VALUES("15341BHWIM22PEWPT_4","1BHWIM","WPT_4","","100.000","5.00","?","","","");
REPLACE INTO class_subject VALUES("15341BHWIM22ZEWPT_4","1BHWIM","WPT_4","","100.000","5.00","?","","","");
REPLACE INTO class_subject VALUES("15341BHWIMFNWPT_4","2BHWIM","WPT_4","","100.000","5.00","FN","","","");
REPLACE INTO class_subject VALUES("15341BHWIMGNWPT_4","2BHWIM","WPT_4","","100.000","5.00","GN","","","");
REPLACE INTO class_subject VALUES("15341BHWIMPEWPT_4","2BHWIM","WPT_4","","100.000","5.00","PE","","","");
REPLACE INTO class_subject VALUES("15341BHWIMZEWPT_4","2BHWIM","WPT_4","","100.000","5.00","ZE","","","");
REPLACE INTO class_subject VALUES("15351BHWIM22FNWPT_4","1BHWIM","WPT_4","","100.000","5.00","?","","","");
REPLACE INTO class_subject VALUES("15351BHWIM22GNWPT_4","1BHWIM","WPT_4","","100.000","5.00","?","","","");
REPLACE INTO class_subject VALUES("15351BHWIM22PEWPT_4","1BHWIM","WPT_4","","100.000","5.00","?","","","");
REPLACE INTO class_subject VALUES("15351BHWIM22ZEWPT_4","1BHWIM","WPT_4","","100.000","5.00","?","","","");
REPLACE INTO class_subject VALUES("15351BHWIMFNWPT_4","2BHWIM","WPT_4","","100.000","5.00","FN","","","");
REPLACE INTO class_subject VALUES("15351BHWIMGNWPT_4","2BHWIM","WPT_4","","100.000","5.00","GN","","","");
REPLACE INTO class_subject VALUES("15351BHWIMPEWPT_4","2BHWIM","WPT_4","","100.000","5.00","PE","","","");
REPLACE INTO class_subject VALUES("15351BHWIMZEWPT_4","2BHWIM","WPT_4","","100.000","5.00","ZE","","","");
REPLACE INTO class_subject VALUES("15361BHWIM22FNWPT_4","1BHWIM","WPT_4","","100.000","5.00","?","","","");
REPLACE INTO class_subject VALUES("15361BHWIM22PEWPT_4","1BHWIM","WPT_4","","100.000","5.00","?","","","");
REPLACE INTO class_subject VALUES("15361BHWIM22SWWPT_4","1BHWIM","WPT_4","","100.000","5.00","?","","","");
REPLACE INTO class_subject VALUES("15361BHWIM22ZEWPT_4","1BHWIM","WPT_4","","100.000","5.00","?","","","");
REPLACE INTO class_subject VALUES("15361BHWIMFNWPT_4","2BHWIM","WPT_4","","100.000","5.00","FN","","","");
REPLACE INTO class_subject VALUES("15361BHWIMPEWPT_4","2BHWIM","WPT_4","","100.000","5.00","PE","","","");
REPLACE INTO class_subject VALUES("15361BHWIMSWWPT_4","2BHWIM","WPT_4","","100.000","5.00","SW","","","");
REPLACE INTO class_subject VALUES("15361BHWIMZEWPT_4","2BHWIM","WPT_4","","100.000","5.00","ZE","","","");
REPLACE INTO class_subject VALUES("15381BHWIM22FSWPT_4","1BHWIM","WPT_4","","100.000","5.00","?","","","");
REPLACE INTO class_subject VALUES("15381BHWIM22GNWPT_4","1BHWIM","WPT_4","","100.000","5.00","?","","","");
REPLACE INTO class_subject VALUES("15381BHWIM22PEWPT_4","1BHWIM","WPT_4","","100.000","5.00","?","","","");
REPLACE INTO class_subject VALUES("15381BHWIM22ZEWPT_4","1BHWIM","WPT_4","","100.000","5.00","?","","","");
REPLACE INTO class_subject VALUES("15381BHWIMFSWPT_4","2BHWIM","WPT_4","","100.000","5.00","FS","","","");
REPLACE INTO class_subject VALUES("15381BHWIMGNWPT_4","2BHWIM","WPT_4","","100.000","5.00","GN","","","");
REPLACE INTO class_subject VALUES("15381BHWIMPEWPT_4","2BHWIM","WPT_4","","100.000","5.00","PE","","","");
REPLACE INTO class_subject VALUES("15381BHWIMZEWPT_4","2BHWIM","WPT_4","","100.000","5.00","ZE","","","");
REPLACE INTO class_subject VALUES("15391BHWIM22FSWPT_4","1BHWIM","WPT_4","","100.000","5.00","?","","","");
REPLACE INTO class_subject VALUES("15391BHWIM22PEWPT_4","1BHWIM","WPT_4","","100.000","5.00","?","","","");
REPLACE INTO class_subject VALUES("15391BHWIM22SWWPT_4","1BHWIM","WPT_4","","100.000","5.00","?","","","");
REPLACE INTO class_subject VALUES("15391BHWIM22ZEWPT_4","1BHWIM","WPT_4","","100.000","5.00","?","","","");
REPLACE INTO class_subject VALUES("15391BHWIMFSWPT_4","2BHWIM","WPT_4","","100.000","5.00","FS","","","");
REPLACE INTO class_subject VALUES("15391BHWIMPEWPT_4","2BHWIM","WPT_4","","100.000","5.00","PE","","","");
REPLACE INTO class_subject VALUES("15391BHWIMSWWPT_4","2BHWIM","WPT_4","","100.000","5.00","SW","","","");
REPLACE INTO class_subject VALUES("15391BHWIMZEWPT_4","2BHWIM","WPT_4","","100.000","5.00","ZE","","","");
REPLACE INTO class_subject VALUES("15401BHWIM22FNWPT_4","1BHWIM","WPT_4","","100.000","5.00","?","","","");
REPLACE INTO class_subject VALUES("15401BHWIM22PEWPT_4","1BHWIM","WPT_4","","100.000","5.00","?","","","");
REPLACE INTO class_subject VALUES("15401BHWIM22SWWPT_4","1BHWIM","WPT_4","","100.000","5.00","?","","","");
REPLACE INTO class_subject VALUES("15401BHWIM22ZEWPT_4","1BHWIM","WPT_4","","100.000","5.00","?","","","");
REPLACE INTO class_subject VALUES("15401BHWIMFNWPT_4","2BHWIM","WPT_4","","100.000","5.00","FN","","","");
REPLACE INTO class_subject VALUES("15401BHWIMPEWPT_4","2BHWIM","WPT_4","","100.000","5.00","PE","","","");
REPLACE INTO class_subject VALUES("15401BHWIMSWWPT_4","2BHWIM","WPT_4","","100.000","5.00","SW","","","");
REPLACE INTO class_subject VALUES("15401BHWIMZEWPT_4","2BHWIM","WPT_4","","100.000","5.00","ZE","","","");
REPLACE INTO class_subject VALUES("15421BHWIM22FSWPT_4","1BHWIM","WPT_4","","100.000","5.00","?","","","");
REPLACE INTO class_subject VALUES("15421BHWIM22GNWPT_4","1BHWIM","WPT_4","","100.000","5.00","?","","","");
REPLACE INTO class_subject VALUES("15421BHWIM22PEWPT_4","1BHWIM","WPT_4","","100.000","5.00","?","","","");
REPLACE INTO class_subject VALUES("15421BHWIM22ZEWPT_4","1BHWIM","WPT_4","","100.000","5.00","?","","","");
REPLACE INTO class_subject VALUES("15421BHWIMFSWPT_4","2BHWIM","WPT_4","","100.000","5.00","FS","","","");
REPLACE INTO class_subject VALUES("15421BHWIMGNWPT_4","2BHWIM","WPT_4","","100.000","5.00","GN","","","");
REPLACE INTO class_subject VALUES("15421BHWIMPEWPT_4","2BHWIM","WPT_4","","100.000","5.00","PE","","","");
REPLACE INTO class_subject VALUES("15421BHWIMZEWPT_4","2BHWIM","WPT_4","","100.000","5.00","ZE","","","");
REPLACE INTO class_subject VALUES("1542AHWIMZDORD","3AHWIM","ORD","","100.000","1.00","ZD","","","");
REPLACE INTO class_subject VALUES("15432AHWIMJKWPT_4","3AHWIM","WPT_4","","100.000","5.00","JK","","","");
REPLACE INTO class_subject VALUES("15432AHWIMRMWPT_4","3AHWIM","WPT_4","","100.000","5.00","RM","","","");
REPLACE INTO class_subject VALUES("15432AHWIMSXWPT_4","3AHWIM","WPT_4","","100.000","5.00","SX","","","");
REPLACE INTO class_subject VALUES("15432AHWIMTBWPT_4","3AHWIM","WPT_4","","100.000","5.00","TB","","","");
REPLACE INTO class_subject VALUES("15442AHWIMJKWPT_4","3AHWIM","WPT_4","","100.000","5.00","JK","","","");
REPLACE INTO class_subject VALUES("15442AHWIMPTWPT_4","3AHWIM","WPT_4","","100.000","5.00","PT","","","");
REPLACE INTO class_subject VALUES("15442AHWIMRMWPT_4","3AHWIM","WPT_4","","100.000","5.00","RM","","","");
REPLACE INTO class_subject VALUES("15442AHWIMSNWPT_4","3AHWIM","WPT_4","","100.000","5.00","SN","","","");
REPLACE INTO class_subject VALUES("15452AHWIMJKWPT_4","3AHWIM","WPT_4","","100.000","5.00","JK","","","");
REPLACE INTO class_subject VALUES("15452AHWIMPTWPT_4","3AHWIM","WPT_4","","100.000","5.00","PT","","","");
REPLACE INTO class_subject VALUES("15452AHWIMRMWPT_4","3AHWIM","WPT_4","","100.000","5.00","RM","","","");
REPLACE INTO class_subject VALUES("15452AHWIMSXWPT_4","3AHWIM","WPT_4","","100.000","5.00","SX","","","");
REPLACE INTO class_subject VALUES("15462AHWIMPTWPT_4","3AHWIM","WPT_4","","100.000","5.00","PT","","","");
REPLACE INTO class_subject VALUES("15462AHWIMRMWPT_4","3AHWIM","WPT_4","","100.000","5.00","RM","","","");
REPLACE INTO class_subject VALUES("15462AHWIMSXWPT_4","3AHWIM","WPT_4","","100.000","5.00","SX","","","");
REPLACE INTO class_subject VALUES("15462AHWIMTBWPT_4","3AHWIM","WPT_4","","100.000","5.00","TB","","","");
REPLACE INTO class_subject VALUES("15472AHWIMJKWPT_4","3AHWIM","WPT_4","","100.000","5.00","JK","","","");
REPLACE INTO class_subject VALUES("15472AHWIMPTWPT_4","3AHWIM","WPT_4","","100.000","5.00","PT","","","");
REPLACE INTO class_subject VALUES("15472AHWIMRMWPT_4","3AHWIM","WPT_4","","100.000","5.00","RM","","","");
REPLACE INTO class_subject VALUES("15472AHWIMTBWPT_4","3AHWIM","WPT_4","","100.000","5.00","TB","","","");
REPLACE INTO class_subject VALUES("15492AHWIMJKWPT_4","3AHWIM","WPT_4","","100.000","5.00","JK","","","");
REPLACE INTO class_subject VALUES("15492AHWIMRMWPT_4","3AHWIM","WPT_4","","100.000","5.00","RM","","","");
REPLACE INTO class_subject VALUES("15492AHWIMSNWPT_4","3AHWIM","WPT_4","","100.000","5.00","SN","","","");
REPLACE INTO class_subject VALUES("15492AHWIMSXWPT_4","3AHWIM","WPT_4","","100.000","5.00","SX","","","");
REPLACE INTO class_subject VALUES("154AHETSGACPE","5AHETS","CPE","","100.000","3.00","GA","","","");
REPLACE INTO class_subject VALUES("15502AHWIMJKWPT_4","3AHWIM","WPT_4","","100.000","5.00","JK","","","");
REPLACE INTO class_subject VALUES("15502AHWIMPTWPT_4","3AHWIM","WPT_4","","100.000","5.00","PT","","","");
REPLACE INTO class_subject VALUES("15502AHWIMSXWPT_4","3AHWIM","WPT_4","","100.000","5.00","SX","","","");
REPLACE INTO class_subject VALUES("15502AHWIMTBWPT_4","3AHWIM","WPT_4","","100.000","5.00","TB","","","");
REPLACE INTO class_subject VALUES("15512AHWIMPTWPT_4","3AHWIM","WPT_4","","100.000","5.00","PT","","","");
REPLACE INTO class_subject VALUES("15512AHWIMRMWPT_4","3AHWIM","WPT_4","","100.000","5.00","RM","","","");
REPLACE INTO class_subject VALUES("15512AHWIMSNWPT_4","3AHWIM","WPT_4","","100.000","5.00","SN","","","");
REPLACE INTO class_subject VALUES("15512AHWIMSXWPT_4","3AHWIM","WPT_4","","100.000","5.00","SX","","","");
REPLACE INTO class_subject VALUES("15522BHWIMFKWPT_4","3BHWIM","WPT_4","","100.000","5.00","FK","","","");
REPLACE INTO class_subject VALUES("15522BHWIMFNWPT_4","3BHWIM","WPT_4","","100.000","5.00","FN","","","");
REPLACE INTO class_subject VALUES("15522BHWIMGNWPT_4","3BHWIM","WPT_4","","100.000","5.00","GN","","","");
REPLACE INTO class_subject VALUES("15522BHWIMSXWPT_4","3BHWIM","WPT_4","","100.000","5.00","SX","","","");
REPLACE INTO class_subject VALUES("15532BHWIMGNWPT_4","3BHWIM","WPT_4","","100.000","5.00","GN","","","");
REPLACE INTO class_subject VALUES("15532BHWIMHDWPT_4","3BHWIM","WPT_4","","100.000","5.00","HD","","","");
REPLACE INTO class_subject VALUES("15532BHWIMKLWPT_4","3BHWIM","WPT_4","","100.000","5.00","KL","","","");
REPLACE INTO class_subject VALUES("15532BHWIMSXWPT_4","3BHWIM","WPT_4","","100.000","5.00","SX","","","");
REPLACE INTO class_subject VALUES("15542BHWIMFKWPT_4","3BHWIM","WPT_4","","100.000","5.00","FK","","","");
REPLACE INTO class_subject VALUES("15542BHWIMGNWPT_4","3BHWIM","WPT_4","","100.000","5.00","GN","","","");
REPLACE INTO class_subject VALUES("15542BHWIMHDWPT_4","3BHWIM","WPT_4","","100.000","5.00","HD","","","");
REPLACE INTO class_subject VALUES("15542BHWIMKLWPT_4","3BHWIM","WPT_4","","100.000","5.00","KL","","","");
REPLACE INTO class_subject VALUES("15552BHWIMFKWPT_4","3BHWIM","WPT_4","","100.000","5.00","FK","","","");
REPLACE INTO class_subject VALUES("15552BHWIMFNWPT_4","3BHWIM","WPT_4","","100.000","5.00","FN","","","");
REPLACE INTO class_subject VALUES("15552BHWIMHDWPT_4","3BHWIM","WPT_4","","100.000","5.00","HD","","","");
REPLACE INTO class_subject VALUES("15552BHWIMSXWPT_4","3BHWIM","WPT_4","","100.000","5.00","SX","","","");
REPLACE INTO class_subject VALUES("15562BHWIMFNWPT_4","3BHWIM","WPT_4","","100.000","5.00","FN","","","");
REPLACE INTO class_subject VALUES("15562BHWIMGNWPT_4","3BHWIM","WPT_4","","100.000","5.00","GN","","","");
REPLACE INTO class_subject VALUES("15562BHWIMHDWPT_4","3BHWIM","WPT_4","","100.000","5.00","HD","","","");
REPLACE INTO class_subject VALUES("15562BHWIMSXWPT_4","3BHWIM","WPT_4","","100.000","5.00","SX","","","");
REPLACE INTO class_subject VALUES("15572BHWIMFKWPT_4","3BHWIM","WPT_4","","100.000","5.00","FK","","","");
REPLACE INTO class_subject VALUES("15572BHWIMFNWPT_4","3BHWIM","WPT_4","","100.000","5.00","FN","","","");
REPLACE INTO class_subject VALUES("15572BHWIMGNWPT_4","3BHWIM","WPT_4","","100.000","5.00","GN","","","");
REPLACE INTO class_subject VALUES("15572BHWIMHDWPT_4","3BHWIM","WPT_4","","100.000","5.00","HD","","","");
REPLACE INTO class_subject VALUES("15582BHWIMFKWPT_4","3BHWIM","WPT_4","","100.000","5.00","FK","","","");
REPLACE INTO class_subject VALUES("15582BHWIMHDWPT_4","3BHWIM","WPT_4","","100.000","5.00","HD","","","");
REPLACE INTO class_subject VALUES("15582BHWIMKLWPT_4","3BHWIM","WPT_4","","100.000","5.00","KL","","","");
REPLACE INTO class_subject VALUES("15582BHWIMSXWPT_4","3BHWIM","WPT_4","","100.000","5.00","SX","","","");
REPLACE INTO class_subject VALUES("15592BHWIMFKWPT_4","3BHWIM","WPT_4","","100.000","5.00","FK","","","");
REPLACE INTO class_subject VALUES("15592BHWIMGNWPT_4","3BHWIM","WPT_4","","100.000","5.00","GN","","","");
REPLACE INTO class_subject VALUES("15592BHWIMKLWPT_4","3BHWIM","WPT_4","","100.000","5.00","KL","","","");
REPLACE INTO class_subject VALUES("15592BHWIMSXWPT_4","3BHWIM","WPT_4","","100.000","5.00","SX","","","");
REPLACE INTO class_subject VALUES("15602BHWIMFKWPT_4","3BHWIM","WPT_4","","100.000","5.00","FK","","","");
REPLACE INTO class_subject VALUES("15602BHWIMGNWPT_4","3BHWIM","WPT_4","","100.000","5.00","GN","","","");
REPLACE INTO class_subject VALUES("15602BHWIMHDWPT_4","3BHWIM","WPT_4","","100.000","5.00","HD","","","");
REPLACE INTO class_subject VALUES("15602BHWIMSXWPT_4","3BHWIM","WPT_4","","100.000","5.00","SX","","","");
REPLACE INTO class_subject VALUES("15613AHWIMFAWPT_4","4AHWIM","WPT_4","","100.000","4.00","FA","","","");
REPLACE INTO class_subject VALUES("15613AHWIMRMWPT_4","4AHWIM","WPT_4","","100.000","4.00","RM","","","");
REPLACE INTO class_subject VALUES("15613AHWIMTBWPT_4","4AHWIM","WPT_4","","100.000","4.00","TB","","","");
REPLACE INTO class_subject VALUES("15623AHWIMGNWPT_4","4AHWIM","WPT_4","","100.000","4.00","GN","","","");
REPLACE INTO class_subject VALUES("15623AHWIMRMWPT_4","4AHWIM","WPT_4","","100.000","4.00","RM","","","");
REPLACE INTO class_subject VALUES("15623AHWIMWMWPT_4","4AHWIM","WPT_4","","100.000","4.00","WM","","","");
REPLACE INTO class_subject VALUES("15633AHWIMGNWPT_4","4AHWIM","WPT_4","","100.000","4.00","GN","","","");
REPLACE INTO class_subject VALUES("15633AHWIMRMWPT_4","4AHWIM","WPT_4","","100.000","4.00","RM","","","");
REPLACE INTO class_subject VALUES("15633AHWIMTBWPT_4","4AHWIM","WPT_4","","100.000","4.00","TB","","","");
REPLACE INTO class_subject VALUES("1563AHWIMSRBESP","4AHWIM","BESP","","100.000","2.00","SR","","","");
REPLACE INTO class_subject VALUES("15643AHWIMFAWPT_4","4AHWIM","WPT_4","","100.000","4.00","FA","","","");
REPLACE INTO class_subject VALUES("15643AHWIMGNWPT_4","4AHWIM","WPT_4","","100.000","4.00","GN","","","");
REPLACE INTO class_subject VALUES("15643AHWIMWMWPT_4","4AHWIM","WPT_4","","100.000","4.00","WM","","","");
REPLACE INTO class_subject VALUES("15653BHWIMFSWPT_4","4BHWIM","WPT_4","","100.000","4.00","FS","","","");
REPLACE INTO class_subject VALUES("15653BHWIMHOWPT_4","4BHWIM","WPT_4","","100.000","4.00","HO","","","");
REPLACE INTO class_subject VALUES("15653BHWIMWMWPT_4","4BHWIM","WPT_4","","100.000","4.00","WM","","","");
REPLACE INTO class_subject VALUES("15663BHWIMFSWPT_4","4BHWIM","WPT_4","","100.000","4.00","FS","","","");
REPLACE INTO class_subject VALUES("15663BHWIMKIWPT_4","4BHWIM","WPT_4","","100.000","4.00","KI","","","");
REPLACE INTO class_subject VALUES("15673BHWIMFSWPT_4","4BHWIM","WPT_4","","100.000","4.00","FS","","","");
REPLACE INTO class_subject VALUES("15673BHWIMKIWPT_4","4BHWIM","WPT_4","","100.000","4.00","KI","","","");
REPLACE INTO class_subject VALUES("15673BHWIMWMWPT_4","4BHWIM","WPT_4","","100.000","4.00","WM","","","");
REPLACE INTO class_subject VALUES("15683BHWIMKIWPT_4","4BHWIM","WPT_4","","100.000","4.00","KI","","","");
REPLACE INTO class_subject VALUES("15683BHWIMPEWPT_4","4BHWIM","WPT_4","","100.000","4.00","PE","","","");
REPLACE INTO class_subject VALUES("15694AHWIMHOWPT_3","5AHWIM","WPT_3","","100.000","4.00","HO","","","");
REPLACE INTO class_subject VALUES("15694AHWIMRMWPT_3","5AHWIM","WPT_3","","100.000","4.00","RM","","","");
REPLACE INTO class_subject VALUES("15694AHWIMSDWPT_3","5AHWIM","WPT_3","","100.000","4.00","SD","","","");
REPLACE INTO class_subject VALUES("15694AHWIMWMWPT_3","5AHWIM","WPT_3","","100.000","4.00","WM","","","");
REPLACE INTO class_subject VALUES("15694BHWIMHOWPT_3","5BHWIM","WPT_3","","100.000","4.00","HO","","","");
REPLACE INTO class_subject VALUES("15694BHWIMRMWPT_3","5BHWIM","WPT_3","","100.000","4.00","RM","","","");
REPLACE INTO class_subject VALUES("15694BHWIMSDWPT_3","5BHWIM","WPT_3","","100.000","4.00","SD","","","");
REPLACE INTO class_subject VALUES("15694BHWIMWMWPT_3","5BHWIM","WPT_3","","100.000","4.00","WM","","","");
REPLACE INTO class_subject VALUES("15704AHWIMPEWPT_3","5AHWIM","WPT_3","","100.000","4.00","PE","","","");
REPLACE INTO class_subject VALUES("15704AHWIMRMWPT_3","5AHWIM","WPT_3","","100.000","4.00","RM","","","");
REPLACE INTO class_subject VALUES("15704AHWIMSDWPT_3","5AHWIM","WPT_3","","100.000","4.00","SD","","","");
REPLACE INTO class_subject VALUES("15704AHWIMWMWPT_3","5AHWIM","WPT_3","","100.000","4.00","WM","","","");
REPLACE INTO class_subject VALUES("15704BHWIMPEWPT_3","5BHWIM","WPT_3","","100.000","4.00","PE","","","");
REPLACE INTO class_subject VALUES("15704BHWIMRMWPT_3","5BHWIM","WPT_3","","100.000","4.00","RM","","","");
REPLACE INTO class_subject VALUES("15704BHWIMSDWPT_3","5BHWIM","WPT_3","","100.000","4.00","SD","","","");
REPLACE INTO class_subject VALUES("15704BHWIMWMWPT_3","5BHWIM","WPT_3","","100.000","4.00","WM","","","");
REPLACE INTO class_subject VALUES("15714AHWIMHOWPT_3","5AHWIM","WPT_3","","100.000","4.00","HO","","","");
REPLACE INTO class_subject VALUES("15714AHWIMPEWPT_3","5AHWIM","WPT_3","","100.000","4.00","PE","","","");
REPLACE INTO class_subject VALUES("15714AHWIMRMWPT_3","5AHWIM","WPT_3","","100.000","4.00","RM","","","");
REPLACE INTO class_subject VALUES("15714AHWIMSDWPT_3","5AHWIM","WPT_3","","100.000","4.00","SD","","","");
REPLACE INTO class_subject VALUES("15714BHWIMHOWPT_3","5BHWIM","WPT_3","","100.000","4.00","HO","","","");
REPLACE INTO class_subject VALUES("15714BHWIMPEWPT_3","5BHWIM","WPT_3","","100.000","4.00","PE","","","");
REPLACE INTO class_subject VALUES("15714BHWIMRMWPT_3","5BHWIM","WPT_3","","100.000","4.00","RM","","","");
REPLACE INTO class_subject VALUES("15714BHWIMSDWPT_3","5BHWIM","WPT_3","","100.000","4.00","SD","","","");
REPLACE INTO class_subject VALUES("15724AHWIMHOWPT_3","5AHWIM","WPT_3","","100.000","4.00","HO","","","");
REPLACE INTO class_subject VALUES("15724AHWIMPEWPT_3","5AHWIM","WPT_3","","100.000","4.00","PE","","","");
REPLACE INTO class_subject VALUES("15724AHWIMRMWPT_3","5AHWIM","WPT_3","","100.000","4.00","RM","","","");
REPLACE INTO class_subject VALUES("15724AHWIMWMWPT_3","5AHWIM","WPT_3","","100.000","4.00","WM","","","");
REPLACE INTO class_subject VALUES("15724BHWIMHOWPT_3","5BHWIM","WPT_3","","100.000","4.00","HO","","","");
REPLACE INTO class_subject VALUES("15724BHWIMPEWPT_3","5BHWIM","WPT_3","","100.000","4.00","PE","","","");
REPLACE INTO class_subject VALUES("15724BHWIMRMWPT_3","5BHWIM","WPT_3","","100.000","4.00","RM","","","");
REPLACE INTO class_subject VALUES("15724BHWIMWMWPT_3","5BHWIM","WPT_3","","100.000","4.00","WM","","","");
REPLACE INTO class_subject VALUES("15734AHWIMHOWPT_3","5AHWIM","WPT_3","","100.000","4.00","HO","","","");
REPLACE INTO class_subject VALUES("15734AHWIMRMWPT_3","5AHWIM","WPT_3","","100.000","4.00","RM","","","");
REPLACE INTO class_subject VALUES("15734AHWIMSDWPT_3","5AHWIM","WPT_3","","100.000","4.00","SD","","","");
REPLACE INTO class_subject VALUES("15734AHWIMWMWPT_3","5AHWIM","WPT_3","","100.000","4.00","WM","","","");
REPLACE INTO class_subject VALUES("15734BHWIMHOWPT_3","5BHWIM","WPT_3","","100.000","4.00","HO","","","");
REPLACE INTO class_subject VALUES("15734BHWIMRMWPT_3","5BHWIM","WPT_3","","100.000","4.00","RM","","","");
REPLACE INTO class_subject VALUES("15734BHWIMSDWPT_3","5BHWIM","WPT_3","","100.000","4.00","SD","","","");
REPLACE INTO class_subject VALUES("15734BHWIMWMWPT_3","5BHWIM","WPT_3","","100.000","4.00","WM","","","");
REPLACE INTO class_subject VALUES("1573AHWIMSHAM","4AHWIM","AM","","100.000","3.00","SH","","","");
REPLACE INTO class_subject VALUES("15744AHWIMHOWPT_3","5AHWIM","WPT_3","","100.000","4.00","HO","","","");
REPLACE INTO class_subject VALUES("15744AHWIMPEWPT_3","5AHWIM","WPT_3","","100.000","4.00","PE","","","");
REPLACE INTO class_subject VALUES("15744AHWIMRMWPT_3","5AHWIM","WPT_3","","100.000","4.00","RM","","","");
REPLACE INTO class_subject VALUES("15744AHWIMSDWPT_3","5AHWIM","WPT_3","","100.000","4.00","SD","","","");
REPLACE INTO class_subject VALUES("15744BHWIMHOWPT_3","5BHWIM","WPT_3","","100.000","4.00","HO","","","");
REPLACE INTO class_subject VALUES("15744BHWIMPEWPT_3","5BHWIM","WPT_3","","100.000","4.00","PE","","","");
REPLACE INTO class_subject VALUES("15744BHWIMRMWPT_3","5BHWIM","WPT_3","","100.000","4.00","RM","","","");
REPLACE INTO class_subject VALUES("15744BHWIMSDWPT_3","5BHWIM","WPT_3","","100.000","4.00","SD","","","");
REPLACE INTO class_subject VALUES("15754AHWIMHOWPT_3","5AHWIM","WPT_3","","100.000","4.00","HO","","","");
REPLACE INTO class_subject VALUES("15754AHWIMPEWPT_3","5AHWIM","WPT_3","","100.000","4.00","PE","","","");
REPLACE INTO class_subject VALUES("15754AHWIMRMWPT_3","5AHWIM","WPT_3","","100.000","4.00","RM","","","");
REPLACE INTO class_subject VALUES("15754AHWIMWMWPT_3","5AHWIM","WPT_3","","100.000","4.00","WM","","","");
REPLACE INTO class_subject VALUES("15754BHWIMHOWPT_3","5BHWIM","WPT_3","","100.000","4.00","HO","","","");
REPLACE INTO class_subject VALUES("15754BHWIMPEWPT_3","5BHWIM","WPT_3","","100.000","4.00","PE","","","");
REPLACE INTO class_subject VALUES("15754BHWIMRMWPT_3","5BHWIM","WPT_3","","100.000","4.00","RM","","","");
REPLACE INTO class_subject VALUES("15754BHWIMWMWPT_3","5BHWIM","WPT_3","","100.000","4.00","WM","","","");
REPLACE INTO class_subject VALUES("15764AHWIMHOWPT_3","5AHWIM","WPT_3","","100.000","4.00","HO","","","");
REPLACE INTO class_subject VALUES("15764AHWIMPEWPT_3","5AHWIM","WPT_3","","100.000","4.00","PE","","","");
REPLACE INTO class_subject VALUES("15764AHWIMSDWPT_3","5AHWIM","WPT_3","","100.000","4.00","SD","","","");
REPLACE INTO class_subject VALUES("15764AHWIMWMWPT_3","5AHWIM","WPT_3","","100.000","4.00","WM","","","");
REPLACE INTO class_subject VALUES("15764BHWIMHOWPT_3","5BHWIM","WPT_3","","100.000","4.00","HO","","","");
REPLACE INTO class_subject VALUES("15764BHWIMPEWPT_3","5BHWIM","WPT_3","","100.000","4.00","PE","","","");
REPLACE INTO class_subject VALUES("15764BHWIMSDWPT_3","5BHWIM","WPT_3","","100.000","4.00","SD","","","");
REPLACE INTO class_subject VALUES("15764BHWIMWMWPT_3","5BHWIM","WPT_3","","100.000","4.00","WM","","","");
REPLACE INTO class_subject VALUES("15774AHWIMPEWPT_3","5AHWIM","WPT_3","","100.000","4.00","PE","","","");
REPLACE INTO class_subject VALUES("15774AHWIMRMWPT_3","5AHWIM","WPT_3","","100.000","4.00","RM","","","");
REPLACE INTO class_subject VALUES("15774AHWIMSDWPT_3","5AHWIM","WPT_3","","100.000","4.00","SD","","","");
REPLACE INTO class_subject VALUES("15774AHWIMWMWPT_3","5AHWIM","WPT_3","","100.000","4.00","WM","","","");
REPLACE INTO class_subject VALUES("15774BHWIMPEWPT_3","5BHWIM","WPT_3","","100.000","4.00","PE","","","");
REPLACE INTO class_subject VALUES("15774BHWIMRMWPT_3","5BHWIM","WPT_3","","100.000","4.00","RM","","","");
REPLACE INTO class_subject VALUES("15774BHWIMSDWPT_3","5BHWIM","WPT_3","","100.000","4.00","SD","","","");
REPLACE INTO class_subject VALUES("15774BHWIMWMWPT_3","5BHWIM","WPT_3","","100.000","4.00","WM","","","");
REPLACE INTO class_subject VALUES("15823AAMESBFWPT_4","3AAME","FWPT_4","","50.000","4.00","SB","","","");
REPLACE INTO class_subject VALUES("15823AKMESBFWPT_4","3AKME","FWPT_4","","100.000","4.00","SB","","","");
REPLACE INTO class_subject VALUES("1583AHWIMDTINFI","4AHWIM","INFI","","100.000","2.00","DT","","","");
REPLACE INTO class_subject VALUES("1583AHWIMKJINFI","4AHWIM","INFI","","100.000","2.00","KJ","","","");
REPLACE INTO class_subject VALUES("15845AAMEBAWPT_3","5AAME","WPT_3","","50.000","4.00","BA","","","");
REPLACE INTO class_subject VALUES("15845AAMEDRWPT_3","5AAME","WPT_3","","50.000","4.00","DR","","","");
REPLACE INTO class_subject VALUES("15845AAMEHOWPT_3","5AAME","WPT_3","","50.000","4.00","HO","","","");
REPLACE INTO class_subject VALUES("15845AKMEBAWPT_3","5AKME","WPT_3","","100.000","4.00","BA","","","");
REPLACE INTO class_subject VALUES("15845AKMEDRWPT_3","5AKME","WPT_3","","100.000","4.00","DR","","","");
REPLACE INTO class_subject VALUES("15845AKMEHOWPT_3","5AKME","WPT_3","","100.000","4.00","HO","","","");
REPLACE INTO class_subject VALUES("15854AHWIMDTLAB","5AHWIM","LAB","","100.000","4.00","DT","","","");
REPLACE INTO class_subject VALUES("15901AFMEHDFTKMWP_4","2AFME","FTKMWP_4","","100.000","4.00","HD","","","");
REPLACE INTO class_subject VALUES("15901AFMEKLFTKMWP_4","2AFME","FTKMWP_4","","100.000","4.00","KL","","","");
REPLACE INTO class_subject VALUES("15901AFMEPTFTKMWP_4","2AFME","FTKMWP_4","","100.000","4.00","PT","","","");
REPLACE INTO class_subject VALUES("15901AFMESNFTKMWP_4","2AFME","FTKMWP_4","","100.000","4.00","SN","","","");
REPLACE INTO class_subject VALUES("15911AFMEHDFTKMWP_4","2AFME","FTKMWP_4","","100.000","4.00","HD","","","");
REPLACE INTO class_subject VALUES("15911AFMEKLFTKMWP_4","2AFME","FTKMWP_4","","100.000","4.00","KL","","","");
REPLACE INTO class_subject VALUES("15911AFMEPTFTKMWP_4","2AFME","FTKMWP_4","","100.000","4.00","PT","","","");
REPLACE INTO class_subject VALUES("15911AFMESNFTKMWP_4","2AFME","FTKMWP_4","","100.000","4.00","SN","","","");
REPLACE INTO class_subject VALUES("15921AFMEHDFTKMWP_4","2AFME","FTKMWP_4","","100.000","4.00","HD","","","");
REPLACE INTO class_subject VALUES("15921AFMEKLFTKMWP_4","2AFME","FTKMWP_4","","100.000","4.00","KL","","","");
REPLACE INTO class_subject VALUES("15921AFMEPTFTKMWP_4","2AFME","FTKMWP_4","","100.000","4.00","PT","","","");
REPLACE INTO class_subject VALUES("15921AFMESNFTKMWP_4","2AFME","FTKMWP_4","","100.000","4.00","SN","","","");
REPLACE INTO class_subject VALUES("15931AFMEFAETEWP_4","2AFME","ETEWP_4","","100.000","6.00","FA","","","");
REPLACE INTO class_subject VALUES("15931AFMEFKETEWP_4","2AFME","ETEWP_4","","100.000","6.00","FK","","","");
REPLACE INTO class_subject VALUES("15931AFMESBITATWP_4","2AFME","ITATWP_4","","100.000","6.00","SB","","","");
REPLACE INTO class_subject VALUES("15931AFMESDITATWP_4","2AFME","ITATWP_4","","100.000","6.00","SD","","","");
REPLACE INTO class_subject VALUES("1593AHWIMMVWSFT","4AHWIM","WSFT","","100.000","2.00","MV","","","");
REPLACE INTO class_subject VALUES("15941AFMEFAETEWP_4","2AFME","ETEWP_4","","100.000","6.00","FA","","","");
REPLACE INTO class_subject VALUES("15941AFMEFKETEWP_4","2AFME","ETEWP_4","","100.000","6.00","FK","","","");
REPLACE INTO class_subject VALUES("15941AFMESBITATWP_4","2AFME","ITATWP_4","","100.000","6.00","SB","","","");
REPLACE INTO class_subject VALUES("15941AFMESDITATWP_4","2AFME","ITATWP_4","","100.000","6.00","SD","","","");
REPLACE INTO class_subject VALUES("15951AFMEFAETEWP_4","2AFME","ETEWP_4","","100.000","6.00","FA","","","");
REPLACE INTO class_subject VALUES("15951AFMEFKETEWP_4","2AFME","ETEWP_4","","100.000","6.00","FK","","","");
REPLACE INTO class_subject VALUES("15951AFMESBITATWP_4","2AFME","ITATWP_4","","100.000","6.00","SB","","","");
REPLACE INTO class_subject VALUES("15951AFMESDITATWP_4","2AFME","ITATWP_4","","100.000","6.00","SD","","","");
REPLACE INTO class_subject VALUES("15962AFMEFAETEWP_4","3AFME","ETEWP_4","","100.000","4.00","FA","","","");
REPLACE INTO class_subject VALUES("15962AFMEJKETEWP_4","3AFME","ETEWP_4","","100.000","4.00","JK","","","");
REPLACE INTO class_subject VALUES("15962AFMESDITATWP_4","3AFME","ITATWP_4","","100.000","4.00","SD","","","");
REPLACE INTO class_subject VALUES("15972AFMEDRETEWP_4","3AFME","ETEWP_4","","100.000","4.00","DR","","","");
REPLACE INTO class_subject VALUES("15972AFMEFAETEWP_4","3AFME","ETEWP_4","","100.000","4.00","FA","","","");
REPLACE INTO class_subject VALUES("15972AFMESDITATWP_4","3AFME","ITATWP_4","","100.000","4.00","SD","","","");
REPLACE INTO class_subject VALUES("15982AFMEDRETEWP_4","3AFME","ETEWP_4","","100.000","4.00","DR","","","");
REPLACE INTO class_subject VALUES("15982AFMEJKETEWP_4","3AFME","ETEWP_4","","100.000","4.00","JK","","","");
REPLACE INTO class_subject VALUES("15982AFMESDITATWP_4","3AFME","ITATWP_4","","100.000","4.00","SD","","","");
REPLACE INTO class_subject VALUES("15992AFMEFKITATWP_4","3AFME","ITATWP_4","","100.000","4.00","FK","","","");
REPLACE INTO class_subject VALUES("15992AFMEKIETEWP_3","3AFME","ETEWP_3","","100.000","4.00","KI","","","");
REPLACE INTO class_subject VALUES("15992AFMESDITATWP_4","3AFME","ITATWP_4","","100.000","4.00","SD","","","");
REPLACE INTO class_subject VALUES("16002AFMEFKITATWP_4","3AFME","ITATWP_4","","100.000","4.00","FK","","","");
REPLACE INTO class_subject VALUES("16002AFMESBITATWP_4","3AFME","ITATWP_4","","100.000","4.00","SB","","","");
REPLACE INTO class_subject VALUES("16002AFMESDITATWP_4","3AFME","ITATWP_4","","100.000","4.00","SD","","","");
REPLACE INTO class_subject VALUES("16012AFMEKIETEWP_3","3AFME","ETEWP_3","","100.000","4.00","KI","","","");
REPLACE INTO class_subject VALUES("16012AFMESBITATWP_4","3AFME","ITATWP_4","","100.000","4.00","SB","","","");
REPLACE INTO class_subject VALUES("16012AFMESDITATWP_4","3AFME","ITATWP_4","","100.000","4.00","SD","","","");
REPLACE INTO class_subject VALUES("16022AFMEGNFTKMWP_3","3AFME","FTKMWP_3","","100.000","4.00","GN","","","");
REPLACE INTO class_subject VALUES("16022AFMEKLFTKMWP_4","3AFME","FTKMWP_4","","100.000","4.00","KL","","","");
REPLACE INTO class_subject VALUES("16022AFMEWMFTKMWP_4","3AFME","FTKMWP_4","","100.000","4.00","WM","","","");
REPLACE INTO class_subject VALUES("16032AFMEHOFTKMWP_4","3AFME","FTKMWP_4","","100.000","4.00","HO","","","");
REPLACE INTO class_subject VALUES("16032AFMEKLFTKMWP_4","3AFME","FTKMWP_4","","100.000","4.00","KL","","","");
REPLACE INTO class_subject VALUES("16032AFMEZEFTKMWP_4","3AFME","FTKMWP_4","","100.000","4.00","ZE","","","");
REPLACE INTO class_subject VALUES("1603AHWIMWKUFW_2","4AHWIM","UFW_2","","100.000","2.00","WK","","","");
REPLACE INTO class_subject VALUES("16042AFMEGNFTKMWP_3","3AFME","FTKMWP_3","","100.000","4.00","GN","","","");
REPLACE INTO class_subject VALUES("16042AFMEHOFTKMWP_4","3AFME","FTKMWP_4","","100.000","4.00","HO","","","");
REPLACE INTO class_subject VALUES("16042AFMEZEFTKMWP_4","3AFME","FTKMWP_4","","100.000","4.00","ZE","","","");
REPLACE INTO class_subject VALUES("16052AFMEHOFTKMWP_4","3AFME","FTKMWP_4","","100.000","4.00","HO","","","");
REPLACE INTO class_subject VALUES("16052AFMEKLFTKMWP_4","3AFME","FTKMWP_4","","100.000","4.00","KL","","","");
REPLACE INTO class_subject VALUES("16052AFMEZEFTKMWP_4","3AFME","FTKMWP_4","","100.000","4.00","ZE","","","");
REPLACE INTO class_subject VALUES("16062AFMEGNFTKMWP_3","3AFME","FTKMWP_3","","100.000","4.00","GN","","","");
REPLACE INTO class_subject VALUES("16062AFMEKLFTKMWP_4","3AFME","FTKMWP_4","","100.000","4.00","KL","","","");
REPLACE INTO class_subject VALUES("16062AFMEZEFTKMWP_4","3AFME","FTKMWP_4","","100.000","4.00","ZE","","","");
REPLACE INTO class_subject VALUES("16072AFMEGNFTKMWP_3","3AFME","FTKMWP_3","","100.000","4.00","GN","","","");
REPLACE INTO class_subject VALUES("16072AFMEHOFTKMWP_4","3AFME","FTKMWP_4","","100.000","4.00","HO","","","");
REPLACE INTO class_subject VALUES("16072AFMEKLFTKMWP_4","3AFME","FTKMWP_4","","100.000","4.00","KL","","","");
REPLACE INTO class_subject VALUES("16083AFMESNFTKMWP_3","4AFME","FTKMWP_3","","100.000","4.00","SN","","","");
REPLACE INTO class_subject VALUES("16083AFMEWMFTKMWP_4","4AFME","FTKMWP_4","","100.000","4.00","WM","","","");
REPLACE INTO class_subject VALUES("16093AFMESNFTKMWP_3","4AFME","FTKMWP_3","","100.000","4.00","SN","","","");
REPLACE INTO class_subject VALUES("16093AFMEWMFTKMWP_4","4AFME","FTKMWP_4","","100.000","4.00","WM","","","");
REPLACE INTO class_subject VALUES("16103AFMESNFTKMWP_4","4AFME","FTKMWP_4","","100.000","4.00","SN","","","");
REPLACE INTO class_subject VALUES("16103AFMEWMFTKMWP_4","4AFME","FTKMWP_4","","100.000","4.00","WM","","","");
REPLACE INTO class_subject VALUES("16113AFMEJKETEWP_4","4AFME","ETEWP_4","","100.000","4.00","JK","","","");
REPLACE INTO class_subject VALUES("16113AFMESBETEWP_4","4AFME","ETEWP_4","","100.000","4.00","SB","","","");
REPLACE INTO class_subject VALUES("16123AFMEJKETEWP_4","4AFME","ETEWP_4","","100.000","4.00","JK","","","");
REPLACE INTO class_subject VALUES("16123AFMESBETEWP_4","4AFME","ETEWP_4","","100.000","4.00","SB","","","");
REPLACE INTO class_subject VALUES("16133AFMEDRETEWP_4","4AFME","ETEWP_4","","100.000","4.00","DR","","","");
REPLACE INTO class_subject VALUES("16133AFMEKIETEWP_4","4AFME","ETEWP_4","","100.000","4.00","KI","","","");
REPLACE INTO class_subject VALUES("1613AHWIMSRORD","4AHWIM","ORD","","100.000","1.00","SR","","","");
REPLACE INTO class_subject VALUES("16143AFMESWFTKMWP_4","4AFME","FTKMWP_4","","100.000","4.00","SW","","","");
REPLACE INTO class_subject VALUES("16143AFMETBFTKMWP_4","4AFME","FTKMWP_4","","100.000","4.00","TB","","","");
REPLACE INTO class_subject VALUES("16153AFMESWFTKMWP_4","4AFME","FTKMWP_4","","100.000","4.00","SW","","","");
REPLACE INTO class_subject VALUES("16153AFMETBFTKMWP_3","4AFME","FTKMWP_3","","100.000","4.00","TB","","","");
REPLACE INTO class_subject VALUES("16173AFMEBAITATWP_4","4AFME","ITATWP_4","","100.000","3.00","BA","","","");
REPLACE INTO class_subject VALUES("16173AFMEFKITATWP_3","4AFME","ITATWP_3","","100.000","3.00","FK","","","");
REPLACE INTO class_subject VALUES("16183AFMEFKITATWP_3","4AFME","ITATWP_3","","100.000","3.00","FK","","","");
REPLACE INTO class_subject VALUES("16183AFMESBITATWP_4","4AFME","ITATWP_4","","100.000","3.00","SB","","","");
REPLACE INTO class_subject VALUES("16193AFMEPEMSSWP_4","4AFME","MSSWP_4","","100.000","2.00","PE","","","");
REPLACE INTO class_subject VALUES("16193AFMEPTMSSWP_4","4AFME","MSSWP_4","","100.000","2.00","PT","","","");
REPLACE INTO class_subject VALUES("16203AFMEBAMSSWP_4","4AFME","MSSWP_4","","100.000","2.00","BA","","","");
REPLACE INTO class_subject VALUES("16203AFMEPTMSSWP_4","4AFME","MSSWP_4","","100.000","2.00","PT","","","");
REPLACE INTO class_subject VALUES("16213AFMEHDPDWP_4","4AFME","PDWP_4","","100.000","2.00","HD","","","");
REPLACE INTO class_subject VALUES("16213AFMETBPDWP_4","4AFME","PDWP_4","","100.000","2.00","TB","","","");
REPLACE INTO class_subject VALUES("16223AFMEHDPDWP_4","4AFME","PDWP_4","","100.000","2.00","HD","","","");
REPLACE INTO class_subject VALUES("16223AFMETBPDWP_4","4AFME","PDWP_4","","100.000","2.00","TB","","","");
REPLACE INTO class_subject VALUES("16233AFMEHOPDWP_4","4AFME","PDWP_4","","100.000","2.00","HO","","","");
REPLACE INTO class_subject VALUES("16233AFMESNPDWP_4","4AFME","PDWP_4","","100.000","2.00","SN","","","");
REPLACE INTO class_subject VALUES("16243AFMEHOPDWP_4","4AFME","PDWP_4","","100.000","2.00","HO","","","");
REPLACE INTO class_subject VALUES("16243AFMESNPDWP_4","4AFME","PDWP_4","","100.000","2.00","SN","","","");
REPLACE INTO class_subject VALUES("1624AHWIMEBAM","5AHWIM","AM","","100.000","2.00","EB","","","");
REPLACE INTO class_subject VALUES("16254AFMEGNPDWP_4","5AFME","PDWP_4","","100.000","6.00","GN","","","");
REPLACE INTO class_subject VALUES("16254AFMEPEPDWP_4","5AFME","PDWP_4","","100.000","6.00","PE","","","");
REPLACE INTO class_subject VALUES("16274AFMERMFTKMWP_4","5AFME","FTKMWP_4","","100.000","5.00","RM","","","");
REPLACE INTO class_subject VALUES("16274AFMESWFTKMWP_4","5AFME","FTKMWP_4","","100.000","5.00","SW","","","");
REPLACE INTO class_subject VALUES("16284AFMEGNPDWP_4","5AFME","PDWP_4","","100.000","6.00","GN","","","");
REPLACE INTO class_subject VALUES("16284AFMEPEPDWP_4","5AFME","PDWP_4","","100.000","6.00","PE","","","");
REPLACE INTO class_subject VALUES("16304AFMEFSLAB","5AFME","LAB","","100.000","4.00","FS","","","");
REPLACE INTO class_subject VALUES("16304AFMEHOLAB","5AFME","LAB","","100.000","4.00","HO","","","");
REPLACE INTO class_subject VALUES("16314AFMEFSLAB","5AFME","LAB","","100.000","4.00","FS","","","");
REPLACE INTO class_subject VALUES("16314AFMEZELAB","5AFME","LAB","","100.000","4.00","ZE","","","");
REPLACE INTO class_subject VALUES("16324AFMEBAMSSWP_4","5AFME","MSSWP_4","","100.000","3.00","BA","","","");
REPLACE INTO class_subject VALUES("16324AFMESDMSSWP_4","5AFME","MSSWP_4","","100.000","3.00","SD","","","");
REPLACE INTO class_subject VALUES("16334AFMEBAMSSWP_4","5AFME","MSSWP_4","","100.000","3.00","BA","","","");
REPLACE INTO class_subject VALUES("16334AFMESDMSSWP_4","5AFME","MSSWP_4","","100.000","3.00","SD","","","");
REPLACE INTO class_subject VALUES("16344AFMEBAMSSWP_4","5AFME","MSSWP_4","","100.000","3.00","BA","","","");
REPLACE INTO class_subject VALUES("16344AFMESDMSSWP_4","5AFME","MSSWP_4","","100.000","3.00","SD","","","");
REPLACE INTO class_subject VALUES("1634AHWIMDTMAA-E","5AHWIM","MAA-E","","100.000","1.00","DT","","","");
REPLACE INTO class_subject VALUES("16354AFMEFAITATWP_4","5AFME","ITATWP_4","","100.000","4.00","FA","","","");
REPLACE INTO class_subject VALUES("16354AFMEHEETEWP_4","5AFME","ETEWP_4","","100.000","4.00","HE","","","");
REPLACE INTO class_subject VALUES("16364AFMEDRETEWP_4","5AFME","ETEWP_4","","100.000","2.00","DR","","","");
REPLACE INTO class_subject VALUES("16364AFMEFKITATWP_4","5AFME","ITATWP_4","","100.000","2.00","FK","","","");
REPLACE INTO class_subject VALUES("16374AFMEDRETEWP_4","5AFME","ETEWP_4","","100.000","2.00","DR","","","");
REPLACE INTO class_subject VALUES("16374AFMEFKITATWP_4","5AFME","ITATWP_4","","100.000","2.00","FK","","","");
REPLACE INTO class_subject VALUES("16384AHMBAEGLAB","5AHMBA","LAB","","100.000","3.00","EG","","","");
REPLACE INTO class_subject VALUES("16384AHMBAKLLAB","5AHMBA","LAB","","100.000","3.00","KL","","","");
REPLACE INTO class_subject VALUES("16384AHMBASBLAB","5AHMBA","LAB","","100.000","3.00","SB","","","");
REPLACE INTO class_subject VALUES("16384BHMBAEGLAB","5BHMBA","LAB","","100.000","3.00","EG","","","");
REPLACE INTO class_subject VALUES("16384BHMBAKLLAB","5BHMBA","LAB","","100.000","3.00","KL","","","");
REPLACE INTO class_subject VALUES("16384BHMBASBLAB","5BHMBA","LAB","","100.000","3.00","SB","","","");
REPLACE INTO class_subject VALUES("16394AHMBAEGLAB","5AHMBA","LAB","","100.000","3.00","EG","","","");
REPLACE INTO class_subject VALUES("16394AHMBAPGLAB","5AHMBA","LAB","","100.000","3.00","PG","","","");
REPLACE INTO class_subject VALUES("16394AHMBASBLAB","5AHMBA","LAB","","100.000","3.00","SB","","","");
REPLACE INTO class_subject VALUES("16394BHMBAEGLAB","5BHMBA","LAB","","100.000","3.00","EG","","","");
REPLACE INTO class_subject VALUES("16394BHMBAPGLAB","5BHMBA","LAB","","100.000","3.00","PG","","","");
REPLACE INTO class_subject VALUES("16394BHMBASBLAB","5BHMBA","LAB","","100.000","3.00","SB","","","");
REPLACE INTO class_subject VALUES("16404AHMBAEGLAB","5AHMBA","LAB","","100.000","3.00","EG","","","");
REPLACE INTO class_subject VALUES("16404AHMBAPGLAB","5AHMBA","LAB","","100.000","3.00","PG","","","");
REPLACE INTO class_subject VALUES("16404AHMBASBLAB","5AHMBA","LAB","","100.000","3.00","SB","","","");
REPLACE INTO class_subject VALUES("16404BHMBAEGLAB","5BHMBA","LAB","","100.000","3.00","EG","","","");
REPLACE INTO class_subject VALUES("16404BHMBAPGLAB","5BHMBA","LAB","","100.000","3.00","PG","","","");
REPLACE INTO class_subject VALUES("16404BHMBASBLAB","5BHMBA","LAB","","100.000","3.00","SB","","","");
REPLACE INTO class_subject VALUES("16414AHMBAEGLAB","5AHMBA","LAB","","100.000","3.00","EG","","","");
REPLACE INTO class_subject VALUES("16414AHMBAKLLAB","5AHMBA","LAB","","100.000","3.00","KL","","","");
REPLACE INTO class_subject VALUES("16414AHMBASBLAB","5AHMBA","LAB","","100.000","3.00","SB","","","");
REPLACE INTO class_subject VALUES("16414BHMBAEGLAB","5BHMBA","LAB","","100.000","3.00","EG","","","");
REPLACE INTO class_subject VALUES("16414BHMBAKLLAB","5BHMBA","LAB","","100.000","3.00","KL","","","");
REPLACE INTO class_subject VALUES("16414BHMBASBLAB","5BHMBA","LAB","","100.000","3.00","SB","","","");
REPLACE INTO class_subject VALUES("16434AHMBAPOLAB","5AHMBA","LAB","","100.000","3.00","PO","","","");
REPLACE INTO class_subject VALUES("16434AHMBAWJLAB","5AHMBA","LAB","","100.000","3.00","WJ","","","");
REPLACE INTO class_subject VALUES("16434BHMBAPOLAB","5BHMBA","LAB","","100.000","3.00","PO","","","");
REPLACE INTO class_subject VALUES("16434BHMBAWJLAB","5BHMBA","LAB","","100.000","3.00","WJ","","","");
REPLACE INTO class_subject VALUES("16444AHMBAEGLAB","5AHMBA","LAB","","100.000","3.00","EG","","","");
REPLACE INTO class_subject VALUES("16444AHMBAPGLAB","5AHMBA","LAB","","100.000","3.00","PG","","","");
REPLACE INTO class_subject VALUES("16444AHMBASBLAB","5AHMBA","LAB","","100.000","3.00","SB","","","");
REPLACE INTO class_subject VALUES("16444BHMBAEGLAB","5BHMBA","LAB","","100.000","3.00","EG","","","");
REPLACE INTO class_subject VALUES("16444BHMBAPGLAB","5BHMBA","LAB","","100.000","3.00","PG","","","");
REPLACE INTO class_subject VALUES("16444BHMBASBLAB","5BHMBA","LAB","","100.000","3.00","SB","","","");
REPLACE INTO class_subject VALUES("1644AHWIMWKBET","5AHWIM","BET","","100.000","2.00","WK","","","");
REPLACE INTO class_subject VALUES("16464AHMBAPOLAB","5AHMBA","LAB","","100.000","3.00","PO","","","");
REPLACE INTO class_subject VALUES("16464AHMBAWJLAB","5AHMBA","LAB","","100.000","3.00","WJ","","","");
REPLACE INTO class_subject VALUES("16464BHMBAPOLAB","5BHMBA","LAB","","100.000","3.00","PO","","","");
REPLACE INTO class_subject VALUES("16464BHMBAWJLAB","5BHMBA","LAB","","100.000","3.00","WJ","","","");
REPLACE INTO class_subject VALUES("16484AHMBAEGLAB","5AHMBA","LAB","","100.000","3.00","EG","","","");
REPLACE INTO class_subject VALUES("16484AHMBAKLLAB","5AHMBA","LAB","","100.000","3.00","KL","","","");
REPLACE INTO class_subject VALUES("16484AHMBASBLAB","5AHMBA","LAB","","100.000","3.00","SB","","","");
REPLACE INTO class_subject VALUES("16484BHMBAEGLAB","5BHMBA","LAB","","100.000","3.00","EG","","","");
REPLACE INTO class_subject VALUES("16484BHMBAKLLAB","5BHMBA","LAB","","100.000","3.00","KL","","","");
REPLACE INTO class_subject VALUES("16484BHMBASBLAB","5BHMBA","LAB","","100.000","3.00","SB","","","");
REPLACE INTO class_subject VALUES("16504AHMBAPOLAB","5AHMBA","LAB","","100.000","3.00","PO","","","");
REPLACE INTO class_subject VALUES("16504AHMBAWJLAB","5AHMBA","LAB","","100.000","3.00","WJ","","","");
REPLACE INTO class_subject VALUES("16504BHMBAPOLAB","5BHMBA","LAB","","100.000","3.00","PO","","","");
REPLACE INTO class_subject VALUES("16504BHMBAWJLAB","5BHMBA","LAB","","100.000","3.00","WJ","","","");
REPLACE INTO class_subject VALUES("16514AHMBAEGLAB","5AHMBA","LAB","","100.000","3.00","EG","","","");
REPLACE INTO class_subject VALUES("16514AHMBAPGLAB","5AHMBA","LAB","","100.000","3.00","PG","","","");
REPLACE INTO class_subject VALUES("16514AHMBASBLAB","5AHMBA","LAB","","100.000","3.00","SB","","","");
REPLACE INTO class_subject VALUES("16514BHMBAEGLAB","5BHMBA","LAB","","100.000","3.00","EG","","","");
REPLACE INTO class_subject VALUES("16514BHMBAPGLAB","5BHMBA","LAB","","100.000","3.00","PG","","","");
REPLACE INTO class_subject VALUES("16514BHMBASBLAB","5BHMBA","LAB","","100.000","3.00","SB","","","");
REPLACE INTO class_subject VALUES("16534AHMBAPOLAB","5AHMBA","LAB","","100.000","3.00","PO","","","");
REPLACE INTO class_subject VALUES("16534AHMBAWJLAB","5AHMBA","LAB","","100.000","3.00","WJ","","","");
REPLACE INTO class_subject VALUES("16534BHMBAPOLAB","5BHMBA","LAB","","100.000","3.00","PO","","","");
REPLACE INTO class_subject VALUES("16534BHMBAWJLAB","5BHMBA","LAB","","100.000","3.00","WJ","","","");
REPLACE INTO class_subject VALUES("16544AHMBAEGLAB","5AHMBA","LAB","","100.000","3.00","EG","","","");
REPLACE INTO class_subject VALUES("16544AHMBAKLLAB","5AHMBA","LAB","","100.000","3.00","KL","","","");
REPLACE INTO class_subject VALUES("16544AHMBASBLAB","5AHMBA","LAB","","100.000","3.00","SB","","","");
REPLACE INTO class_subject VALUES("16544BHMBAEGLAB","5BHMBA","LAB","","100.000","3.00","EG","","","");
REPLACE INTO class_subject VALUES("16544BHMBAKLLAB","5BHMBA","LAB","","100.000","3.00","KL","","","");
REPLACE INTO class_subject VALUES("16544BHMBASBLAB","5BHMBA","LAB","","100.000","3.00","SB","","","");
REPLACE INTO class_subject VALUES("1654AHWIMBRMB-KU","5AHWIM","MB-KU","","100.000","3.00","BR","","","");
REPLACE INTO class_subject VALUES("1654AHWIMRAMB-KU","5AHWIM","MB-KU","","100.000","3.00","RA","","","");
REPLACE INTO class_subject VALUES("16564AHMBAPOLAB","5AHMBA","LAB","","100.000","3.00","PO","","","");
REPLACE INTO class_subject VALUES("16564AHMBAWJLAB","5AHMBA","LAB","","100.000","3.00","WJ","","","");
REPLACE INTO class_subject VALUES("16564BHMBAPOLAB","5BHMBA","LAB","","100.000","3.00","PO","","","");
REPLACE INTO class_subject VALUES("16564BHMBAWJLAB","5BHMBA","LAB","","100.000","3.00","WJ","","","");
REPLACE INTO class_subject VALUES("16574AHMBAEGLAB","5AHMBA","LAB","","100.000","3.00","EG","","","");
REPLACE INTO class_subject VALUES("16574AHMBAPGLAB","5AHMBA","LAB","","100.000","3.00","PG","","","");
REPLACE INTO class_subject VALUES("16574AHMBASBLAB","5AHMBA","LAB","","100.000","3.00","SB","","","");
REPLACE INTO class_subject VALUES("16574BHMBAEGLAB","5BHMBA","LAB","","100.000","3.00","EG","","","");
REPLACE INTO class_subject VALUES("16574BHMBAPGLAB","5BHMBA","LAB","","100.000","3.00","PG","","","");
REPLACE INTO class_subject VALUES("16574BHMBASBLAB","5BHMBA","LAB","","100.000","3.00","SB","","","");
REPLACE INTO class_subject VALUES("16623BHMBARDKOP","4BHMBA","KOP","","100.000","3.00","RD","","","");
REPLACE INTO class_subject VALUES("16623BHMBASWKOP","4BHMBA","KOP","","100.000","3.00","SW","","","");
REPLACE INTO class_subject VALUES("16634AHMBAPOKOP","5AHMBA","KOP","","100.000","4.00","PO","","","");
REPLACE INTO class_subject VALUES("16634AHMBARAKOP","5AHMBA","KOP","","100.000","4.00","RA","","","");
REPLACE INTO class_subject VALUES("1664AHWIMWKORD","5AHWIM","ORD","","100.000","1.00","WK","","","");
REPLACE INTO class_subject VALUES("16681AFMEZfAFW","2AFME","AFW","","100.000","4.00","Zf","","","");
REPLACE INTO class_subject VALUES("16681BHWIM22ZfAFW","1BHWIM","AFW","","100.000","4.00","?","","","");
REPLACE INTO class_subject VALUES("16681BHWIMZfAFW","2BHWIM","AFW","","100.000","4.00","Zf","","","");
REPLACE INTO class_subject VALUES("16703AFMESteiniAFW","4AFME","AFW","","100.000","4.00","Steini","","","");
REPLACE INTO class_subject VALUES("16703AFMEStöAFW","4AFME","AFW","","100.000","4.00","Stö","","","");
REPLACE INTO class_subject VALUES("16703BHWIMSteiniAFW","4BHWIM","AFW","","100.000","4.00","Steini","","","");
REPLACE INTO class_subject VALUES("16703BHWIMStöAFW","4BHWIM","AFW","","100.000","4.00","Stö","","","");
REPLACE INTO class_subject VALUES("16711BHWIM22KocAFW","1BHWIM","AFW","","100.000","2.00","?","","","");
REPLACE INTO class_subject VALUES("16711BHWIM22ZfAFW","1BHWIM","AFW","","100.000","2.00","?","","","");
REPLACE INTO class_subject VALUES("16711BHWIMKocAFW","2BHWIM","AFW","","100.000","2.00","Koc","","","");
REPLACE INTO class_subject VALUES("16711BHWIMZfAFW","2BHWIM","AFW","","100.000","2.00","Zf","","","");
REPLACE INTO class_subject VALUES("16722BHWIMScAAFW","3BHWIM","AFW","","100.000","4.00","ScA","","","");
REPLACE INTO class_subject VALUES("16733BHWIMSteiniAFW","4BHWIM","AFW","","100.000","2.00","Steini","","","");
REPLACE INTO class_subject VALUES("16733BHWIMStöAFW","4BHWIM","AFW","","100.000","2.00","Stö","","","");
REPLACE INTO class_subject VALUES("16755AAMEGMFI","5AAME","FI","","50.000","2.00","GM","","","");
REPLACE INTO class_subject VALUES("16755AKMEGMFI","5AKME","FI","","100.000","2.00","GM","","","");
REPLACE INTO class_subject VALUES("16806AAMEGMFI","6AAME","FI","","50.000","1.00","GM","","","");
REPLACE INTO class_subject VALUES("16806AKMEGMFI","6AKME","FI","","100.000","1.00","GM","","","");
REPLACE INTO class_subject VALUES("16831AHITRURK","2AHIT","RK","","100.000","1.00","RU","","","");
REPLACE INTO class_subject VALUES("16831AHITRURK-22N","1AHIT","RK","","100.000","1.00","?","","","");
REPLACE INTO class_subject VALUES("16841AHITFOSYT","2AHIT","SYT","","100.000","2.00","FO","","","");
REPLACE INTO class_subject VALUES("16841AHITFOSYT-22N","1AHIT","SYT","","100.000","2.00","?","","","");
REPLACE INTO class_subject VALUES("16841AHITHASYT","2AHIT","SYT","","100.000","2.00","HA","","","");
REPLACE INTO class_subject VALUES("16841AHITHASYT-22N","1AHIT","SYT","","100.000","2.00","?","","","");
REPLACE INTO class_subject VALUES("16851AHITHASYT","2AHIT","SYT","","100.000","2.00","HA","","","");
REPLACE INTO class_subject VALUES("16851AHITHASYT-22N","1AHIT","SYT","","100.000","2.00","?","","","");
REPLACE INTO class_subject VALUES("16851AHITSCSYT","2AHIT","SYT","","100.000","2.00","SC","","","");
REPLACE INTO class_subject VALUES("16851AHITSCSYT-22N","1AHIT","SYT","","100.000","2.00","?","","","");
REPLACE INTO class_subject VALUES("16862AHITGANWT1","3AHIT","NWT1","","100.000","2.00","GA","","","");
REPLACE INTO class_subject VALUES("16862AHITSZITSI_1","3AHIT","ITSI_1","","100.000","2.00","SZ","","","");
REPLACE INTO class_subject VALUES("16883AHETSGMCPE","4AHETS","CPE","","100.000","3.00","GM","","","");
REPLACE INTO class_subject VALUES("16883AHETSSOCPE","4AHETS","CPE","","100.000","3.00","SO","","","");
REPLACE INTO class_subject VALUES("16893AHITBNITP2","4AHIT","ITP2","","100.000","3.00","BN","","","");
REPLACE INTO class_subject VALUES("16903AHITZSITP2","4AHIT","ITP2","","100.000","3.00","ZS","","","");
REPLACE INTO class_subject VALUES("16913AHITGAINSY","4AHIT","INSY","","100.000","2.00","GA","","","");
REPLACE INTO class_subject VALUES("16913AHITSZNWT1","4AHIT","NWT1","","100.000","2.00","SZ","","","");
REPLACE INTO class_subject VALUES("16923AHITGANWT1","4AHIT","NWT1","","100.000","2.00","GA","","","");
REPLACE INTO class_subject VALUES("16923AHITSZINSY","4AHIT","INSY","","100.000","2.00","SZ","","","");
REPLACE INTO class_subject VALUES("16943AHITGANWT1","4AHIT","NWT1","","100.000","2.00","GA","","","");
REPLACE INTO class_subject VALUES("16954AHETSGACPE","5AHETS","CPE","","100.000","3.00","GA","","","");
REPLACE INTO class_subject VALUES("16962AFMEScAAFW","3AFME","AFW","","100.000","2.00","ScA","","","");
REPLACE INTO class_subject VALUES("16962BHWIMScAAFW","3BHWIM","AFW","","100.000","2.00","ScA","","","");
REPLACE INTO class_subject VALUES("16974AHETSLFCPE","5AHETS","CPE","","100.000","3.00","LF","","","");
REPLACE INTO class_subject VALUES("16974AHETSWGCPE","5AHETS","CPE","","100.000","3.00","WG","","","");
REPLACE INTO class_subject VALUES("17043AHETSEGLAB","4AHETS","LAB","","100.000","3.00","EG","","","");
REPLACE INTO class_subject VALUES("17043AHETSFOLAB","4AHETS","LAB","","100.000","3.00","FO","","","");
REPLACE INTO class_subject VALUES("17043AHETSZSLAB","4AHETS","LAB","","100.000","3.00","ZS","","","");
REPLACE INTO class_subject VALUES("17053AHETSEGLAB","4AHETS","LAB","","100.000","3.00","EG","","","");
REPLACE INTO class_subject VALUES("17053AHETSFOLAB","4AHETS","LAB","","100.000","3.00","FO","","","");
REPLACE INTO class_subject VALUES("17053AHETSZSLAB","4AHETS","LAB","","100.000","3.00","ZS","","","");
REPLACE INTO class_subject VALUES("17063AHETSEGLAB","4AHETS","LAB","","100.000","3.00","EG","","","");
REPLACE INTO class_subject VALUES("17063AHETSFOLAB","4AHETS","LAB","","100.000","3.00","FO","","","");
REPLACE INTO class_subject VALUES("17063AHETSZSLAB","4AHETS","LAB","","100.000","3.00","ZS","","","");
REPLACE INTO class_subject VALUES("17073AHETSEGLAB","4AHETS","LAB","","100.000","3.00","EG","","","");
REPLACE INTO class_subject VALUES("17073AHETSFOLAB","4AHETS","LAB","","100.000","3.00","FO","","","");
REPLACE INTO class_subject VALUES("17073AHETSZSLAB","4AHETS","LAB","","100.000","3.00","ZS","","","");
REPLACE INTO class_subject VALUES("17083AHETSEGLAB","4AHETS","LAB","","100.000","3.00","EG","","","");
REPLACE INTO class_subject VALUES("17083AHETSFOLAB","4AHETS","LAB","","100.000","3.00","FO","","","");
REPLACE INTO class_subject VALUES("17083AHETSZSLAB","4AHETS","LAB","","100.000","3.00","ZS","","","");
REPLACE INTO class_subject VALUES("17093AHETSEGLAB","4AHETS","LAB","","100.000","3.00","EG","","","");
REPLACE INTO class_subject VALUES("17093AHETSFOLAB","4AHETS","LAB","","100.000","3.00","FO","","","");
REPLACE INTO class_subject VALUES("17093AHETSZSLAB","4AHETS","LAB","","100.000","3.00","ZS","","","");
REPLACE INTO class_subject VALUES("17103AHETSEGLAB","4AHETS","LAB","","100.000","3.00","EG","","","");
REPLACE INTO class_subject VALUES("17103AHETSFOLAB","4AHETS","LAB","","100.000","3.00","FO","","","");
REPLACE INTO class_subject VALUES("17103AHETSZSLAB","4AHETS","LAB","","100.000","3.00","ZS","","","");
REPLACE INTO class_subject VALUES("17114AHETSLFLAB","5AHETS","LAB","","100.000","4.00","LF","","","");
REPLACE INTO class_subject VALUES("17114AHETSSCLAB","5AHETS","LAB","","100.000","4.00","SC","","","");
REPLACE INTO class_subject VALUES("17124AHETSLFLAB","5AHETS","LAB","","100.000","4.00","LF","","","");
REPLACE INTO class_subject VALUES("17124AHETSSOLAB","5AHETS","LAB","","100.000","4.00","SO","","","");
REPLACE INTO class_subject VALUES("17134AHETSSOLAB","5AHETS","LAB","","100.000","4.00","SO","","","");
REPLACE INTO class_subject VALUES("17134AHETSWGLAB","5AHETS","LAB","","100.000","4.00","WG","","","");
REPLACE INTO class_subject VALUES("17144AHETSLFLAB","5AHETS","LAB","","100.000","4.00","LF","","","");
REPLACE INTO class_subject VALUES("17144AHETSSCLAB","5AHETS","LAB","","100.000","4.00","SC","","","");
REPLACE INTO class_subject VALUES("17154AHETSLFLAB","5AHETS","LAB","","100.000","4.00","LF","","","");
REPLACE INTO class_subject VALUES("17154AHETSSOLAB","5AHETS","LAB","","100.000","4.00","SO","","","");
REPLACE INTO class_subject VALUES("17164AHETSSOLAB","5AHETS","LAB","","100.000","4.00","SO","","","");
REPLACE INTO class_subject VALUES("17164AHETSWGLAB","5AHETS","LAB","","100.000","4.00","WG","","","");
REPLACE INTO class_subject VALUES("17174AHETSSCLAB","5AHETS","LAB","","100.000","4.00","SC","","","");
REPLACE INTO class_subject VALUES("17174AHETSWGLAB","5AHETS","LAB","","100.000","4.00","WG","","","");
REPLACE INTO class_subject VALUES("17305AAMEFSLAB","5AAME","LAB","","50.000","4.00","FS","","","");
REPLACE INTO class_subject VALUES("17305AAMELFLAB","5AAME","LAB","","50.000","4.00","LF","","","");
REPLACE INTO class_subject VALUES("17305AAMESCLAB","5AAME","LAB","","50.000","4.00","SC","","","");
REPLACE INTO class_subject VALUES("17305AKMEFSLAB","5AKME","LAB","","100.000","4.00","FS","","","");
REPLACE INTO class_subject VALUES("17305AKMELFLAB","5AKME","LAB","","100.000","4.00","LF","","","");
REPLACE INTO class_subject VALUES("17305AKMESCLAB","5AKME","LAB","","100.000","4.00","SC","","","");
REPLACE INTO class_subject VALUES("17315AAMEFSLAB","5AAME","LAB","","50.000","4.00","FS","","","");
REPLACE INTO class_subject VALUES("17315AAMELFLAB","5AAME","LAB","","50.000","4.00","LF","","","");
REPLACE INTO class_subject VALUES("17315AAMESCLAB","5AAME","LAB","","50.000","4.00","SC","","","");
REPLACE INTO class_subject VALUES("17315AKMEFSLAB","5AKME","LAB","","100.000","4.00","FS","","","");
REPLACE INTO class_subject VALUES("17315AKMELFLAB","5AKME","LAB","","100.000","4.00","LF","","","");
REPLACE INTO class_subject VALUES("17315AKMESCLAB","5AKME","LAB","","100.000","4.00","SC","","","");
REPLACE INTO class_subject VALUES("17326AAMEFOLAB","6AAME","LAB","","50.000","4.00","FO","","","");
REPLACE INTO class_subject VALUES("17326AAMEGMLAB","6AAME","LAB","","50.000","4.00","GM","","","");
REPLACE INTO class_subject VALUES("17326AAMELFLAB","6AAME","LAB","","50.000","4.00","LF","","","");
REPLACE INTO class_subject VALUES("17326AKMEFOLAB","6AKME","LAB","","100.000","4.00","FO","","","");
REPLACE INTO class_subject VALUES("17326AKMEGMLAB","6AKME","LAB","","100.000","4.00","GM","","","");
REPLACE INTO class_subject VALUES("17326AKMELFLAB","6AKME","LAB","","100.000","4.00","LF","","","");
REPLACE INTO class_subject VALUES("17336AAMEFOLAB","6AAME","LAB","","50.000","4.00","FO","","","");
REPLACE INTO class_subject VALUES("17336AAMEGMLAB","6AAME","LAB","","50.000","4.00","GM","","","");
REPLACE INTO class_subject VALUES("17336AAMELFLAB","6AAME","LAB","","50.000","4.00","LF","","","");
REPLACE INTO class_subject VALUES("17336AKMEFOLAB","6AKME","LAB","","100.000","4.00","FO","","","");
REPLACE INTO class_subject VALUES("17336AKMEGMLAB","6AKME","LAB","","100.000","4.00","GM","","","");
REPLACE INTO class_subject VALUES("17336AKMELFLAB","6AKME","LAB","","100.000","4.00","LF","","","");
REPLACE INTO class_subject VALUES("1733AFMEHMRK","4AFME","RK","","100.000","2.00","HM","","","");
REPLACE INTO class_subject VALUES("17361BHWIM22GRAFW","1BHWIM","AFW","","100.000","2.00","?","","","");
REPLACE INTO class_subject VALUES("17361BHWIM22ZfAFW","1BHWIM","AFW","","100.000","2.00","?","","","");
REPLACE INTO class_subject VALUES("17361BHWIMGRAFW","2BHWIM","AFW","","100.000","2.00","GR","","","");
REPLACE INTO class_subject VALUES("17361BHWIMZfAFW","2BHWIM","AFW","","100.000","2.00","Zf","","","");
REPLACE INTO class_subject VALUES("17372BHWIMKocAFW","3BHWIM","AFW","","100.000","2.00","Koc","","","");
REPLACE INTO class_subject VALUES("17372BHWIMScAAFW","3BHWIM","AFW","","100.000","2.00","ScA","","","");
REPLACE INTO class_subject VALUES("17383BHWIMKocAFW","4BHWIM","AFW","","100.000","1.00","Koc","","","");
REPLACE INTO class_subject VALUES("17383BHWIMStöAFW","4BHWIM","AFW","","100.000","1.00","Stö","","","");
REPLACE INTO class_subject VALUES("17393AHITSZNWT1","4AHIT","NWT1","","100.000","2.00","SZ","","","");
REPLACE INTO class_subject VALUES("17403AAMEWMKOP","3AAME","KOP","","50.000","4.00","WM","","","");
REPLACE INTO class_subject VALUES("17403AKMEWMKOP","3AKME","KOP","","100.000","4.00","WM","","","");
REPLACE INTO class_subject VALUES("17414AAMESGKOP","4AAME","KOP","","50.000","4.00","SG","","","");
REPLACE INTO class_subject VALUES("17414AKMESGKOP","4AKME","KOP","","100.000","4.00","SG","","","");
REPLACE INTO class_subject VALUES("17422AHWIMMVWSFT","3AHWIM","WSFT","","100.000","1.00","MV","","","");
REPLACE INTO class_subject VALUES("17432AHWIMWKBET","3AHWIM","BET","","100.000","1.00","WK","","","");
REPLACE INTO class_subject VALUES("17442BHWIMWRBET","3BHWIM","BET","","100.000","1.00","WR","","","");
REPLACE INTO class_subject VALUES("17452BHWIMMVWSFT","3BHWIM","WSFT","","100.000","1.00","MV","","","");
REPLACE INTO class_subject VALUES("17482AHETDRWPT_4","3AHET","WPT_4","","100.000","4.00","DR","","","");
REPLACE INTO class_subject VALUES("17482AHETFAWPT_4","3AHET","WPT_4","","100.000","4.00","FA","","","");
REPLACE INTO class_subject VALUES("1753AFMEZDE1","4AFME","E1","","100.000","2.00","ZD","","","");
REPLACE INTO class_subject VALUES("17561BHMBAFNWPT_4","2BHMBA","WPT_4","","100.000","4.00","FN","","","");
REPLACE INTO class_subject VALUES("17561BHMBAFSWPT_4","2BHMBA","WPT_4","","100.000","4.00","FS","","","");
REPLACE INTO class_subject VALUES("17561BHMBAGNWPT_4","2BHMBA","WPT_4","","100.000","4.00","GN","","","");
REPLACE INTO class_subject VALUES("17571AHETSOES1","2AHET","ES1","","100.000","1.00","SO","","","");
REPLACE INTO class_subject VALUES("17584AHMBABRWIR_3","5AHMBA","WIR_3","","100.000","2.00","BR","","","");
REPLACE INTO class_subject VALUES("17594BHMBAEGETE","5BHMBA","ETE","","100.000","2.00","EG","","","");
REPLACE INTO class_subject VALUES("1762FSHAKSERK","FSHAK","RK","","100.000","8.00","SE","","","");
REPLACE INTO class_subject VALUES("1763AFMESNORD","4AFME","ORD","","100.000","1.00","SN","","","");
REPLACE INTO class_subject VALUES("1763FSHAKALMEDT","FSHAK","MEDT","","100.000","9.00","AL","","","");
REPLACE INTO class_subject VALUES("1764FSHAKATD","FSHAK","D","","100.000","3.00","AT","","","");
REPLACE INTO class_subject VALUES("17654AHETSGSGGP","5AHETS","GGP","","100.000","2.00","GS","","","");
REPLACE INTO class_subject VALUES("17664AHWIMSLNWG_2","5AHWIM","NWG_2","","100.000","2.00","SL","","","");
REPLACE INTO class_subject VALUES("17674BHWIMPGWSFT","5BHWIM","WSFT","","100.000","2.00","PG","","","");
REPLACE INTO class_subject VALUES("17683BHMBARDKOP","4BHMBA","KOP","","100.000","3.00","RD","","","");
REPLACE INTO class_subject VALUES("17683BHMBASWKOP","4BHMBA","KOP","","100.000","3.00","SW","","","");
REPLACE INTO class_subject VALUES("17693AHMBAHOWPT_4","4AHMBA","WPT_4","","100.000","4.00","HO","","","");
REPLACE INTO class_subject VALUES("17693AHMBAKIWPT_4","4AHMBA","WPT_4","","100.000","4.00","KI","","","");
REPLACE INTO class_subject VALUES("17693AHMBASWWPT_4","4AHMBA","WPT_4","","100.000","4.00","SW","","","");
REPLACE INTO class_subject VALUES("17704AHMBABAWPT_3","5AHMBA","WPT_3","","100.000","3.00","BA","","","");
REPLACE INTO class_subject VALUES("17704AHMBAHOWPT_3","5AHMBA","WPT_3","","100.000","3.00","HO","","","");
REPLACE INTO class_subject VALUES("17704AHMBAPEWPT_3","5AHMBA","WPT_3","","100.000","3.00","PE","","","");
REPLACE INTO class_subject VALUES("17704AHMBASBWPT_3","5AHMBA","WPT_3","","100.000","3.00","SB","","","");
REPLACE INTO class_subject VALUES("17704AHMBASWWPT_3","5AHMBA","WPT_3","","100.000","3.00","SW","","","");
REPLACE INTO class_subject VALUES("17704BHMBABAWPT_3","5BHMBA","WPT_3","","100.000","3.00","BA","","","");
REPLACE INTO class_subject VALUES("17704BHMBAHOWPT_3","5BHMBA","WPT_3","","100.000","3.00","HO","","","");
REPLACE INTO class_subject VALUES("17704BHMBAPEWPT_3","5BHMBA","WPT_3","","100.000","3.00","PE","","","");
REPLACE INTO class_subject VALUES("17704BHMBASBWPT_3","5BHMBA","WPT_3","","100.000","3.00","SB","","","");
REPLACE INTO class_subject VALUES("17704BHMBASWWPT_3","5BHMBA","WPT_3","","100.000","3.00","SW","","","");
REPLACE INTO class_subject VALUES("17721BHWIM22FNWPT_4","1BHWIM","WPT_4","","100.000","5.00","?","","","");
REPLACE INTO class_subject VALUES("17721BHWIM22PEWPT_4","1BHWIM","WPT_4","","100.000","5.00","?","","","");
REPLACE INTO class_subject VALUES("17721BHWIM22SWWPT_4","1BHWIM","WPT_4","","100.000","5.00","?","","","");
REPLACE INTO class_subject VALUES("17721BHWIM22ZEWPT_4","1BHWIM","WPT_4","","100.000","5.00","?","","","");
REPLACE INTO class_subject VALUES("17721BHWIMFNWPT_4","2BHWIM","WPT_4","","100.000","5.00","FN","","","");
REPLACE INTO class_subject VALUES("17721BHWIMPEWPT_4","2BHWIM","WPT_4","","100.000","5.00","PE","","","");
REPLACE INTO class_subject VALUES("17721BHWIMSWWPT_4","2BHWIM","WPT_4","","100.000","5.00","SW","","","");
REPLACE INTO class_subject VALUES("17721BHWIMZEWPT_4","2BHWIM","WPT_4","","100.000","5.00","ZE","","","");
REPLACE INTO class_subject VALUES("17731BHWIM22FSWPT_4","1BHWIM","WPT_4","","100.000","5.00","?","","","");
REPLACE INTO class_subject VALUES("17731BHWIM22PEWPT_4","1BHWIM","WPT_4","","100.000","5.00","?","","","");
REPLACE INTO class_subject VALUES("17731BHWIM22SWWPT_4","1BHWIM","WPT_4","","100.000","5.00","?","","","");
REPLACE INTO class_subject VALUES("17731BHWIM22ZEWPT_4","1BHWIM","WPT_4","","100.000","5.00","?","","","");
REPLACE INTO class_subject VALUES("17731BHWIMFSWPT_4","2BHWIM","WPT_4","","100.000","5.00","FS","","","");
REPLACE INTO class_subject VALUES("17731BHWIMPEWPT_4","2BHWIM","WPT_4","","100.000","5.00","PE","","","");
REPLACE INTO class_subject VALUES("17731BHWIMSWWPT_4","2BHWIM","WPT_4","","100.000","5.00","SW","","","");
REPLACE INTO class_subject VALUES("17731BHWIMZEWPT_4","2BHWIM","WPT_4","","100.000","5.00","ZE","","","");
REPLACE INTO class_subject VALUES("17741AHETGNWPT_4","2AHET","WPT_4","","100.000","4.00","GN","","","");
REPLACE INTO class_subject VALUES("17741AHETHDWPT_4","2AHET","WPT_4","","100.000","4.00","HD","","","");
REPLACE INTO class_subject VALUES("17741AHETKIWPT_4","2AHET","WPT_4","","100.000","4.00","KI","","","");
REPLACE INTO class_subject VALUES("17741AHETSWWPT_4","2AHET","WPT_4","","100.000","4.00","SW","","","");
REPLACE INTO class_subject VALUES("177RDABTV","","ABTV","","100.000","13.00","RD","","","");
REPLACE INTO class_subject VALUES("17803BHMBASBWPT_4","4BHMBA","WPT_4","","100.000","4.00","SB","","","");
REPLACE INTO class_subject VALUES("17803BHMBASWWPT_4","4BHMBA","WPT_4","","100.000","4.00","SW","","","");
REPLACE INTO class_subject VALUES("17811BHMBAMESOPK","2BHMBA","SOPK","","100.000","2.00","ME","","","");
REPLACE INTO class_subject VALUES("17811BHMBASTSOPK","2BHMBA","SOPK","","100.000","2.00","ST","","","");
REPLACE INTO class_subject VALUES("1782SWAUSB","","AUSB","","100.000","22.00","SW","","","");
REPLACE INTO class_subject VALUES("17834AHMBAATD","5AHMBA","D","","100.000","2.00","AT","","","");
REPLACE INTO class_subject VALUES("17844AHMBAGSGGP","5AHMBA","GGP","","100.000","2.00","GS","","","");
REPLACE INTO class_subject VALUES("17854AHMBAMERK","5AHMBA","RK","","100.000","2.00","ME","","","");
REPLACE INTO class_subject VALUES("17864BHWIMMGMB-ME","5BHWIM","MB-ME","","100.000","2.00","MG","","","");
REPLACE INTO class_subject VALUES("17874BHWIMPGWSFT","5BHWIM","WSFT","","100.000","2.00","PG","","","");
REPLACE INTO class_subject VALUES("17883AHMBANRE1","4AHMBA","E1","","100.000","2.00","NR","","","");
REPLACE INTO class_subject VALUES("17893BHMBARIE1","4BHMBA","E1","","100.000","2.00","RI","","","");
REPLACE INTO class_subject VALUES("178PGABTV","","ABTV","","100.000","10.00","PG","","","");
REPLACE INTO class_subject VALUES("17902AFMENOE1","3AFME","E1","","100.000","2.00","NO","","","");
REPLACE INTO class_subject VALUES("17913AFMEBAKOP","4AFME","KOP","","100.000","2.00","BA","","","");
REPLACE INTO class_subject VALUES("17954AHWIMRIE1","5AHWIM","E1","","100.000","2.00","RI","","","");
REPLACE INTO class_subject VALUES("17964BHWIMZDE1","5BHWIM","E1","","100.000","2.00","ZD","","","");
REPLACE INTO class_subject VALUES("17973BHWIMDTINFI","4BHWIM","INFI","","100.000","2.00","DT","","","");
REPLACE INTO class_subject VALUES("17983BHWIMKJINFI","4BHWIM","INFI","","100.000","2.00","KJ","","","");
REPLACE INTO class_subject VALUES("17993BHWIMJWMB-KU","4BHWIM","MB-KU","","100.000","3.00","JW","","","");
REPLACE INTO class_subject VALUES("179HEWRKL","","WRKL","","100.000","1.00","HE","","","");
REPLACE INTO class_subject VALUES("18002AHETRISOPK","3AHET","SOPK","","100.000","1.00","RI","","","");
REPLACE INTO class_subject VALUES("18012AHITGAITSI_1","3AHIT","ITSI_1","","100.000","2.00","GA","","","");
REPLACE INTO class_subject VALUES("18012AHITSZNWT1","3AHIT","NWT1","","100.000","2.00","SZ","","","");
REPLACE INTO class_subject VALUES("18025AAMEWGETE","5AAME","ETE","","50.000","1.00","WG","","","");
REPLACE INTO class_subject VALUES("18025AKMEWGETE","5AKME","ETE","","100.000","1.00","WG","","","");
REPLACE INTO class_subject VALUES("18035AAMEWGMTSA","5AAME","MTSA","","50.000","1.00","WG","","","");
REPLACE INTO class_subject VALUES("18035AKMEWGMTSA","5AKME","MTSA","","100.000","1.00","WG","","","");
REPLACE INTO class_subject VALUES("18043AAMESGKOP","3AAME","KOP","","50.000","4.00","SG","","","");
REPLACE INTO class_subject VALUES("18043AKMESGKOP","3AKME","KOP","","100.000","4.00","SG","","","");
REPLACE INTO class_subject VALUES("18054AHWIMHOWPT_3","5AHWIM","WPT_3","","100.000","4.00","HO","","","");
REPLACE INTO class_subject VALUES("18054AHWIMPEWPT_3","5AHWIM","WPT_3","","100.000","4.00","PE","","","");
REPLACE INTO class_subject VALUES("18054AHWIMRMWPT_3","5AHWIM","WPT_3","","100.000","4.00","RM","","","");
REPLACE INTO class_subject VALUES("18054AHWIMSDWPT_3","5AHWIM","WPT_3","","100.000","4.00","SD","","","");
REPLACE INTO class_subject VALUES("18054AHWIMWMWPT_3","5AHWIM","WPT_3","","100.000","4.00","WM","","","");
REPLACE INTO class_subject VALUES("18054BHWIMHOWPT_3","5BHWIM","WPT_3","","100.000","4.00","HO","","","");
REPLACE INTO class_subject VALUES("18054BHWIMPEWPT_3","5BHWIM","WPT_3","","100.000","4.00","PE","","","");
REPLACE INTO class_subject VALUES("18054BHWIMRMWPT_3","5BHWIM","WPT_3","","100.000","4.00","RM","","","");
REPLACE INTO class_subject VALUES("18054BHWIMSDWPT_3","5BHWIM","WPT_3","","100.000","4.00","SD","","","");
REPLACE INTO class_subject VALUES("18054BHWIMWMWPT_3","5BHWIM","WPT_3","","100.000","4.00","WM","","","");
REPLACE INTO class_subject VALUES("18072BHWIMFNWPT_4","3BHWIM","WPT_4","","100.000","5.00","FN","","","");
REPLACE INTO class_subject VALUES("18072BHWIMGNWPT_4","3BHWIM","WPT_4","","100.000","5.00","GN","","","");
REPLACE INTO class_subject VALUES("18072BHWIMHDWPT_4","3BHWIM","WPT_4","","100.000","5.00","HD","","","");
REPLACE INTO class_subject VALUES("18072BHWIMSXWPT_4","3BHWIM","WPT_4","","100.000","5.00","SX","","","");
REPLACE INTO class_subject VALUES("18082BHWIMGNWPT_4","3BHWIM","WPT_4","","100.000","5.00","GN","","","");
REPLACE INTO class_subject VALUES("18082BHWIMHDWPT_4","3BHWIM","WPT_4","","100.000","5.00","HD","","","");
REPLACE INTO class_subject VALUES("18082BHWIMKLWPT_4","3BHWIM","WPT_4","","100.000","5.00","KL","","","");
REPLACE INTO class_subject VALUES("18082BHWIMSXWPT_4","3BHWIM","WPT_4","","100.000","5.00","SX","","","");
REPLACE INTO class_subject VALUES("18094AHWIMJWLAB","5AHWIM","LAB","","100.000","4.00","JW","","","");
REPLACE INTO class_subject VALUES("180KLWRKL","","WRKL","","100.000","1.00","KL","","","");
REPLACE INTO class_subject VALUES("18104AHWIMJWLAB","5AHWIM","LAB","","100.000","4.00","JW","","","");
REPLACE INTO class_subject VALUES("18111AFMEHOFTKM_1","2AFME","FTKM_1","","100.000","2.00","HO","","","");
REPLACE INTO class_subject VALUES("18121AFMEMERK","2AFME","RK","","100.000","2.00","ME","","","");
REPLACE INTO class_subject VALUES("18132AFMEKLFTKMWP_4","3AFME","FTKMWP_4","","100.000","4.00","KL","","","");
REPLACE INTO class_subject VALUES("18132AFMEWMFTKMWP_4","3AFME","FTKMWP_4","","100.000","4.00","WM","","","");
REPLACE INTO class_subject VALUES("18132AFMEZEFTKMWP_4","3AFME","FTKMWP_4","","100.000","4.00","ZE","","","");
REPLACE INTO class_subject VALUES("18142AFMEHOFTKMWP_4","3AFME","FTKMWP_4","","100.000","4.00","HO","","","");
REPLACE INTO class_subject VALUES("18142AFMEWMFTKMWP_4","3AFME","FTKMWP_4","","100.000","4.00","WM","","","");
REPLACE INTO class_subject VALUES("18142AFMEZEFTKMWP_4","3AFME","FTKMWP_4","","100.000","4.00","ZE","","","");
REPLACE INTO class_subject VALUES("18152AFMEGNFTKMWP_3","3AFME","FTKMWP_3","","100.000","4.00","GN","","","");
REPLACE INTO class_subject VALUES("18152AFMEHOFTKMWP_4","3AFME","FTKMWP_4","","100.000","4.00","HO","","","");
REPLACE INTO class_subject VALUES("18152AFMEZEFTKMWP_4","3AFME","FTKMWP_4","","100.000","4.00","ZE","","","");
REPLACE INTO class_subject VALUES("18162AFMEGNFTKMWP_3","3AFME","FTKMWP_3","","100.000","4.00","GN","","","");
REPLACE INTO class_subject VALUES("18162AFMEHOFTKMWP_4","3AFME","FTKMWP_4","","100.000","4.00","HO","","","");
REPLACE INTO class_subject VALUES("18162AFMEWMFTKMWP_4","3AFME","FTKMWP_4","","100.000","4.00","WM","","","");
REPLACE INTO class_subject VALUES("181GUBIB","","BIB","","100.000","1.00","GU","","","");
REPLACE INTO class_subject VALUES("18213AHMBASHAM","4AHMBA","AM","","100.000","3.00","SH","","","");
REPLACE INTO class_subject VALUES("18223AHMBAPOAUT","4AHMBA","AUT","","100.000","2.00","PO","","","");
REPLACE INTO class_subject VALUES("18233AHMBASRGGP","4AHMBA","GGP","","100.000","2.00","SR","","","");
REPLACE INTO class_subject VALUES("18243AHMBABCTMB","4AHMBA","TMB","","100.000","3.00","BC","","","");
REPLACE INTO class_subject VALUES("18253AHMBARTFET1_1","4AHMBA","FET1_1","","100.000","2.00","RT","","","");
REPLACE INTO class_subject VALUES("1826ALADM","","ADM","","100.000","1.00","AL","","","");
REPLACE INTO class_subject VALUES("1827WGADM","","ADM","","100.000","1.00","WG","","","");
REPLACE INTO class_subject VALUES("1828WIADM","","ADM","","100.000","1.00","WI","","","");
REPLACE INTO class_subject VALUES("182STBIB","","BIB","","100.000","1.00","ST","","","");
REPLACE INTO class_subject VALUES("18311AFMEKBETH","2AFME","ETH","","100.000","2.00","KB","","","");
REPLACE INTO class_subject VALUES("18311AHETKBETH","2AHET","ETH","","100.000","2.00","KB","","","");
REPLACE INTO class_subject VALUES("18311AHITKBETH","2AHIT","ETH","","100.000","2.00","KB","","","");
REPLACE INTO class_subject VALUES("18311AHITKBETH-22N","1AHIT","ETH","","100.000","2.00","?","","","");
REPLACE INTO class_subject VALUES("18311AHMBAKBETH","2AHMBA","ETH","","100.000","2.00","KB","","","");
REPLACE INTO class_subject VALUES("18311AHWIM22KBETH","1AHWIM","ETH","","100.000","2.00","?","","","");
REPLACE INTO class_subject VALUES("18311AHWIMKBETH","2AHWIM","ETH","","100.000","2.00","KB","","","");
REPLACE INTO class_subject VALUES("18311BHMBAKBETH","2BHMBA","ETH","","100.000","2.00","KB","","","");
REPLACE INTO class_subject VALUES("18311BHWIM22KBETH","1BHWIM","ETH","","100.000","2.00","?","","","");
REPLACE INTO class_subject VALUES("18311BHWIMKBETH","2BHWIM","ETH","","100.000","2.00","KB","","","");
REPLACE INTO class_subject VALUES("18312AFMEKBETH","3AFME","ETH","","100.000","2.00","KB","","","");
REPLACE INTO class_subject VALUES("18312AHETKBETH","3AHET","ETH","","100.000","2.00","KB","","","");
REPLACE INTO class_subject VALUES("18312AHITKBETH","3AHIT","ETH","","100.000","2.00","KB","","","");
REPLACE INTO class_subject VALUES("18312AHMBAKBETH","3AHMBA","ETH","","100.000","2.00","KB","","","");
REPLACE INTO class_subject VALUES("18312AHWIMKBETH","3AHWIM","ETH","","100.000","2.00","KB","","","");
REPLACE INTO class_subject VALUES("18312BHMBAKBETH","3BHMBA","ETH","","100.000","2.00","KB","","","");
REPLACE INTO class_subject VALUES("18312BHWIMKBETH","3BHWIM","ETH","","100.000","2.00","KB","","","");
REPLACE INTO class_subject VALUES("18323AHETSBDAM","4AHETS","AM","","100.000","3.00","BD","","","");
REPLACE INTO class_subject VALUES("18333AHETSMVNWG_2","4AHETS","NWG_2","","100.000","2.00","MV","","","");
REPLACE INTO class_subject VALUES("18343AFMEZEUNF","4AFME","UNF","","100.000","2.00","ZE","","","");
REPLACE INTO class_subject VALUES("18353AFMEHMRK","4AFME","RK","","100.000","1.00","HM","","","");
REPLACE INTO class_subject VALUES("18364BHMBANRE1","5BHMBA","E1","","100.000","2.00","NR","","","");
REPLACE INTO class_subject VALUES("18374AHMBARIE1","5AHMBA","E1","","100.000","2.00","RI","","","");
REPLACE INTO class_subject VALUES("18381BHMBAMESOPK","2BHMBA","SOPK","","100.000","2.00","ME","","","");
REPLACE INTO class_subject VALUES("18391BHMBASTSOPK","2BHMBA","SOPK","","100.000","2.00","ST","","","");
REPLACE INTO class_subject VALUES("183EGKLAE","","KLAE","","100.000","1.00","EG","","","");
REPLACE INTO class_subject VALUES("18402AFMEHOSOPK","3AFME","SOPK","","100.000","1.00","HO","","","");
REPLACE INTO class_subject VALUES("18412AFMERUSOPK","3AFME","SOPK","","100.000","1.00","RU","","","");
REPLACE INTO class_subject VALUES("18434AHETSRURK","5AHETS","RK","","100.000","2.00","RU","","","");
REPLACE INTO class_subject VALUES("18444AHETSWGAUT","5AHETS","AUT","","100.000","2.00","WG","","","");
REPLACE INTO class_subject VALUES("184GMKLAE","","KLAE","","100.000","1.00","GM","","","");
REPLACE INTO class_subject VALUES("18524AAMEWGSKOC","4AAME","SKOC","","50.000","1.00","WG","","","");
REPLACE INTO class_subject VALUES("18524AKMEWGSKOC","4AKME","SKOC","","100.000","1.00","WG","","","");
REPLACE INTO class_subject VALUES("18536AAMEWGSKOC","6AAME","SKOC","","50.000","1.00","WG","","","");
REPLACE INTO class_subject VALUES("18536AKMEWGSKOC","6AKME","SKOC","","100.000","1.00","WG","","","");
REPLACE INTO class_subject VALUES("1854BCNCAD","","NCAD","","100.000","1.00","BC","","","");
REPLACE INTO class_subject VALUES("18554AHMBANRE1","5AHMBA","E1","","100.000","2.00","NR","","","");
REPLACE INTO class_subject VALUES("18554AHMBARIE1","5AHMBA","E1","","100.000","2.00","RI","","","");
REPLACE INTO class_subject VALUES("18554AHMBAZDE1","5AHMBA","E1","","100.000","2.00","ZD","","","");
REPLACE INTO class_subject VALUES("18554BHMBANRE1","5BHMBA","E1","","100.000","2.00","NR","","","");
REPLACE INTO class_subject VALUES("18554BHMBARIE1","5BHMBA","E1","","100.000","2.00","RI","","","");
REPLACE INTO class_subject VALUES("18554BHMBAZDE1","5BHMBA","E1","","100.000","2.00","ZD","","","");
REPLACE INTO class_subject VALUES("18563AHMBANRE1","4AHMBA","E1","","100.000","2.00","NR","","","");
REPLACE INTO class_subject VALUES("18563AHMBARIE1","4AHMBA","E1","","100.000","2.00","RI","","","");
REPLACE INTO class_subject VALUES("18563AHMBASME1","4AHMBA","E1","","100.000","2.00","SM","","","");
REPLACE INTO class_subject VALUES("18563BHMBANRE1","4BHMBA","E1","","100.000","2.00","NR","","","");
REPLACE INTO class_subject VALUES("18563BHMBARIE1","4BHMBA","E1","","100.000","2.00","RI","","","");
REPLACE INTO class_subject VALUES("18563BHMBASME1","4BHMBA","E1","","100.000","2.00","SM","","","");
REPLACE INTO class_subject VALUES("18574AHETSGSFITT","5AHETS","FITT","","100.000","1.00","GS","","","");
REPLACE INTO class_subject VALUES("18574AHWIMGSFITT","5AHWIM","FITT","","100.000","1.00","GS","","","");
REPLACE INTO class_subject VALUES("18574BHMBAGSFITT","5BHMBA","FITT","","100.000","1.00","GS","","","");
REPLACE INTO class_subject VALUES("18574BHWIMGSFITT","5BHWIM","FITT","","100.000","1.00","GS","","","");
REPLACE INTO class_subject VALUES("18583AHETSSXeSPORT","4AHETS","eSPORT","","100.000","1.00","SX","","","");
REPLACE INTO class_subject VALUES("18583AHITSXeSPORT","4AHIT","eSPORT","","100.000","1.00","SX","","","");
REPLACE INTO class_subject VALUES("18583AHMBASXeSPORT","4AHMBA","eSPORT","","100.000","1.00","SX","","","");
REPLACE INTO class_subject VALUES("18583BHMBASXeSPORT","4BHMBA","eSPORT","","100.000","1.00","SX","","","");
REPLACE INTO class_subject VALUES("1859SBWRKL","","WRKL","","100.000","1.00","SB","","","");
REPLACE INTO class_subject VALUES("185WGKLAE","","KLAE","","100.000","1.00","WG","","","");
REPLACE INTO class_subject VALUES("1860SDWRKL","","WRKL","","100.000","1.00","SD","","","");
REPLACE INTO class_subject VALUES("1862FSHTLYALMEDT","FSHTLY","MEDT","","100.000","1.00","AL","","","");
REPLACE INTO class_subject VALUES("1863FSHTLYALORD","FSHTLY","ORD","","100.000","1.00","AL","","","");
REPLACE INTO class_subject VALUES("18652AFMENOE1","3AFME","E1","","100.000","2.00","NO","","","");
REPLACE INTO class_subject VALUES("18661BHMBAMESOPK","2BHMBA","SOPK","","100.000","2.00","ME","","","");
REPLACE INTO class_subject VALUES("18661BHMBASTSOPK","2BHMBA","SOPK","","100.000","2.00","ST","","","");
REPLACE INTO class_subject VALUES("186SOKLAE","","KLAE","","100.000","1.00","SO","","","");
REPLACE INTO class_subject VALUES("18711AFMEKIKOP","2AFME","KOP","","100.000","2.00","KI","","","");
REPLACE INTO class_subject VALUES("18711AFMEWMKOP","2AFME","KOP","","100.000","2.00","WM","","","");
REPLACE INTO class_subject VALUES("18722AFMEHOKOP","3AFME","KOP","","100.000","3.00","HO","","","");
REPLACE INTO class_subject VALUES("18722AFMEKIKOP","3AFME","KOP","","100.000","3.00","KI","","","");
REPLACE INTO class_subject VALUES("18732AHWIMWKBET","3AHWIM","BET","","100.000","1.00","WK","","","");
REPLACE INTO class_subject VALUES("18742AHWIMSERK","3AHWIM","RK","","100.000","2.00","SE","","","");
REPLACE INTO class_subject VALUES("1875FSNYRMMINT","FSNY","MINT","","100.000","2.00","RM","","","");
REPLACE INTO class_subject VALUES("18762AHWIMRASOPK","3AHWIM","SOPK","","100.000","1.00","RA","","","");
REPLACE INTO class_subject VALUES("18762AHWIMZDSOPK","3AHWIM","SOPK","","100.000","1.00","ZD","","","");
REPLACE INTO class_subject VALUES("18771BHWIM22RISOPK","1BHWIM","SOPK","","100.000","1.00","?","","","");
REPLACE INTO class_subject VALUES("18771BHWIM22ZESOPK","1BHWIM","SOPK","","100.000","1.00","?","","","");
REPLACE INTO class_subject VALUES("18771BHWIMRISOPK","2BHWIM","SOPK","","100.000","1.00","RI","","","");
REPLACE INTO class_subject VALUES("18771BHWIMZESOPK","2BHWIM","SOPK","","100.000","1.00","ZE","","","");
REPLACE INTO class_subject VALUES("18782BHWIMATSOPK","3BHWIM","SOPK","","100.000","1.00","AT","","","");
REPLACE INTO class_subject VALUES("18782BHWIMWRSOPK","3BHWIM","SOPK","","100.000","1.00","WR","","","");
REPLACE INTO class_subject VALUES("18791AFMEKBDUK","2AFME","DUK","","100.000","3.00","KB","","","");
REPLACE INTO class_subject VALUES("187LFKLAE","","KLAE","","100.000","1.00","LF","","","");
REPLACE INTO class_subject VALUES("18804AFMEWIDUK","5AFME","DUK","","100.000","3.00","WI","","","");
REPLACE INTO class_subject VALUES("18813AFMEATDUK","4AFME","DUK","","100.000","2.00","AT","","","");
REPLACE INTO class_subject VALUES("18821AHITKBD","2AHIT","D","","100.000","3.00","KB","","","");
REPLACE INTO class_subject VALUES("18821AHITKBD-22N","1AHIT","D","","100.000","3.00","?","","","");
REPLACE INTO class_subject VALUES("18821AHITNOD","2AHIT","D","","100.000","3.00","NO","","","");
REPLACE INTO class_subject VALUES("18821AHITNOD-22N","1AHIT","D","","100.000","3.00","?","","","");
REPLACE INTO class_subject VALUES("18831AHWIM22BRSOPK","1AHWIM","SOPK","","100.000","1.00","?","","","");
REPLACE INTO class_subject VALUES("18831AHWIM22RASOPK","1AHWIM","SOPK","","100.000","1.00","?","","","");
REPLACE INTO class_subject VALUES("18831AHWIMBRSOPK","2AHWIM","SOPK","","100.000","1.00","BR","","","");
REPLACE INTO class_subject VALUES("18831AHWIMRASOPK","2AHWIM","SOPK","","100.000","1.00","RA","","","");
REPLACE INTO class_subject VALUES("18841AFMEKISOPK","2AFME","SOPK","","100.000","1.00","KI","","","");
REPLACE INTO class_subject VALUES("18841AFMEMESOPK","2AFME","SOPK","","100.000","1.00","ME","","","");
REPLACE INTO class_subject VALUES("18852AFMEHOSOPK","3AFME","SOPK","","100.000","1.00","HO","","","");
REPLACE INTO class_subject VALUES("18852AFMERUSOPK","3AFME","SOPK","","100.000","1.00","RU","","","");
REPLACE INTO class_subject VALUES("188POKLAA","","KLAA","","100.000","1.00","PO","","","");
REPLACE INTO class_subject VALUES("19023AFMEBAKOP","4AFME","KOP","","100.000","2.00","BA","","","");
REPLACE INTO class_subject VALUES("19023AFMEWMKOP","4AFME","KOP","","100.000","2.00","WM","","","");
REPLACE INTO class_subject VALUES("19032AFMEKLFTKM_1","3AFME","FTKM_1","","100.000","1.00","KL","","","");
REPLACE INTO class_subject VALUES("19042AFMESDITAT_1","3AFME","ITAT_1","","100.000","2.00","SD","","","");
REPLACE INTO class_subject VALUES("19052AFMEKLFTKM_1","3AFME","FTKM_1","","100.000","2.00","KL","","","");
REPLACE INTO class_subject VALUES("190RTKLAM","","KLAM","","100.000","1.00","RT","","","");
REPLACE INTO class_subject VALUES("19117561AHMBAKBETH","1AHMBA","ETH","","100.000","2.00","?","","","");
REPLACE INTO class_subject VALUES("19117561BHMBAKBETH","1BHMBA","ETH","","100.000","2.00","?","","","");
REPLACE INTO class_subject VALUES("1911ATNBU","","NBU","","100.000","1.00","AT","","","");
REPLACE INTO class_subject VALUES("1912KBNBU","","NBU","","100.000","1.00","KB","","","");
REPLACE INTO class_subject VALUES("19133AHITBNITP2","4AHIT","ITP2","","100.000","2.00","BN","","","");
REPLACE INTO class_subject VALUES("1913521AHMBAKDRE","1AHMBA","RE","","100.000","1.00","?","","","");
REPLACE INTO class_subject VALUES("1913521BHMBAKDRE","1BHMBA","RE","","100.000","1.00","?","","","");
REPLACE INTO class_subject VALUES("19143AHITWID","4AHIT","D","","100.000","2.00","WI","","","");
REPLACE INTO class_subject VALUES("1914431AHMBAFNWPT_4","1AHMBA","WPT_4","","100.000","4.00","?","","","");
REPLACE INTO class_subject VALUES("1914431AHMBAGNWPT_4","1AHMBA","WPT_4","","100.000","4.00","?","","","");
REPLACE INTO class_subject VALUES("1914431AHMBARMWPT_4","1AHMBA","WPT_4","","100.000","4.00","?","","","");
REPLACE INTO class_subject VALUES("1914431BHMBAFNWPT_4","1BHMBA","WPT_4","","100.000","4.00","?","","","");
REPLACE INTO class_subject VALUES("1914431BHMBAGNWPT_4","1BHMBA","WPT_4","","100.000","4.00","?","","","");
REPLACE INTO class_subject VALUES("1914431BHMBARMWPT_4","1BHMBA","WPT_4","","100.000","4.00","?","","","");
REPLACE INTO class_subject VALUES("1914441AHMBAFNWPT_4","1AHMBA","WPT_4","","100.000","4.00","?","","","");
REPLACE INTO class_subject VALUES("1914441AHMBARMWPT_4","1AHMBA","WPT_4","","100.000","4.00","?","","","");
REPLACE INTO class_subject VALUES("1914441AHMBATBWPT_4","1AHMBA","WPT_4","","100.000","4.00","?","","","");
REPLACE INTO class_subject VALUES("1914441BHMBAFNWPT_4","1BHMBA","WPT_4","","100.000","4.00","?","","","");
REPLACE INTO class_subject VALUES("1914441BHMBARMWPT_4","1BHMBA","WPT_4","","100.000","4.00","?","","","");
REPLACE INTO class_subject VALUES("1914441BHMBATBWPT_4","1BHMBA","WPT_4","","100.000","4.00","?","","","");
REPLACE INTO class_subject VALUES("1914451AHMBAGNWPT_4","1AHMBA","WPT_4","","100.000","4.00","?","","","");
REPLACE INTO class_subject VALUES("1914451AHMBARMWPT_4","1AHMBA","WPT_4","","100.000","4.00","?","","","");
REPLACE INTO class_subject VALUES("1914451AHMBATBWPT_4","1AHMBA","WPT_4","","100.000","4.00","?","","","");
REPLACE INTO class_subject VALUES("1914451BHMBAGNWPT_4","1BHMBA","WPT_4","","100.000","4.00","?","","","");
REPLACE INTO class_subject VALUES("1914451BHMBARMWPT_4","1BHMBA","WPT_4","","100.000","4.00","?","","","");
REPLACE INTO class_subject VALUES("1914451BHMBATBWPT_4","1BHMBA","WPT_4","","100.000","4.00","?","","","");
REPLACE INTO class_subject VALUES("1914461AHMBAFNWPT_4","1AHMBA","WPT_4","","100.000","4.00","?","","","");
REPLACE INTO class_subject VALUES("1914461AHMBAPEWPT_4","1AHMBA","WPT_4","","100.000","4.00","?","","","");
REPLACE INTO class_subject VALUES("1914461AHMBASNWPT_4","1AHMBA","WPT_4","","100.000","4.00","?","","","");
REPLACE INTO class_subject VALUES("1914461BHMBAFNWPT_4","1BHMBA","WPT_4","","100.000","4.00","?","","","");
REPLACE INTO class_subject VALUES("1914461BHMBAPEWPT_4","1BHMBA","WPT_4","","100.000","4.00","?","","","");
REPLACE INTO class_subject VALUES("1914461BHMBASNWPT_4","1BHMBA","WPT_4","","100.000","4.00","?","","","");
REPLACE INTO class_subject VALUES("1914491AHMBAPEWPT_4","1AHMBA","WPT_4","","100.000","4.00","?","","","");
REPLACE INTO class_subject VALUES("1914491AHMBAPTWPT_4","1AHMBA","WPT_4","","100.000","4.00","?","","","");
REPLACE INTO class_subject VALUES("1914491AHMBASNWPT_4","1AHMBA","WPT_4","","100.000","4.00","?","","","");
REPLACE INTO class_subject VALUES("1914491BHMBAPEWPT_4","1BHMBA","WPT_4","","100.000","4.00","?","","","");
REPLACE INTO class_subject VALUES("1914491BHMBAPTWPT_4","1BHMBA","WPT_4","","100.000","4.00","?","","","");
REPLACE INTO class_subject VALUES("1914491BHMBASNWPT_4","1BHMBA","WPT_4","","100.000","4.00","?","","","");
REPLACE INTO class_subject VALUES("1914501AHMBAFNWPT_4","1AHMBA","WPT_4","","100.000","4.00","?","","","");
REPLACE INTO class_subject VALUES("1914501AHMBAPEWPT_4","1AHMBA","WPT_4","","100.000","4.00","?","","","");
REPLACE INTO class_subject VALUES("1914501AHMBAPTWPT_4","1AHMBA","WPT_4","","100.000","4.00","?","","","");
REPLACE INTO class_subject VALUES("1914501BHMBAFNWPT_4","1BHMBA","WPT_4","","100.000","4.00","?","","","");
REPLACE INTO class_subject VALUES("1914501BHMBAPEWPT_4","1BHMBA","WPT_4","","100.000","4.00","?","","","");
REPLACE INTO class_subject VALUES("1914501BHMBAPTWPT_4","1BHMBA","WPT_4","","100.000","4.00","?","","","");
REPLACE INTO class_subject VALUES("1914511AHMBAFNWPT_4","1AHMBA","WPT_4","","100.000","4.00","?","","","");
REPLACE INTO class_subject VALUES("1914511AHMBAPTWPT_4","1AHMBA","WPT_4","","100.000","4.00","?","","","");
REPLACE INTO class_subject VALUES("1914511AHMBASNWPT_4","1AHMBA","WPT_4","","100.000","4.00","?","","","");
REPLACE INTO class_subject VALUES("1914511BHMBAFNWPT_4","1BHMBA","WPT_4","","100.000","4.00","?","","","");
REPLACE INTO class_subject VALUES("1914511BHMBAPTWPT_4","1BHMBA","WPT_4","","100.000","4.00","?","","","");
REPLACE INTO class_subject VALUES("1914511BHMBASNWPT_4","1BHMBA","WPT_4","","100.000","4.00","?","","","");
REPLACE INTO class_subject VALUES("19153AHITSRGGP","4AHIT","GGP","","100.000","2.00","SR","","","");
REPLACE INTO class_subject VALUES("19163AHITNRE1","4AHIT","E1","","100.000","2.00","NR","","","");
REPLACE INTO class_subject VALUES("1918311AHMBAKBETH","1AHMBA","ETH","","100.000","2.00","?","","","");
REPLACE INTO class_subject VALUES("1918311BHMBAKBETH","1BHMBA","ETH","","100.000","2.00","?","","","");
REPLACE INTO class_subject VALUES("19192AFMEWIDUK","3AFME","DUK","","100.000","3.00","WI","","","");
REPLACE INTO class_subject VALUES("191KJKFTG","","KFTG","","100.000","1.00","KJ","","","");
REPLACE INTO class_subject VALUES("192171AHMBAMESOPK","1AHMBA","SOPK","","100.000","2.00","?","","","");
REPLACE INTO class_subject VALUES("192171AHMBASMSOPK","1AHMBA","SOPK","","100.000","2.00","?","","","");
REPLACE INTO class_subject VALUES("192171BHMBAMESOPK","1BHMBA","SOPK","","100.000","2.00","?","","","");
REPLACE INTO class_subject VALUES("192171BHMBASMSOPK","1BHMBA","SOPK","","100.000","2.00","?","","","");
REPLACE INTO class_subject VALUES("19223AHMBAGRBESP","4AHMBA","BESP","","100.000","2.00","GR","","","");
REPLACE INTO class_subject VALUES("19244AHETSKOBESP","5AHETS","BESP","","100.000","2.00","KO","","","");
REPLACE INTO class_subject VALUES("19253AAMEMEETH","3AAME","ETH","","50.000","2.00","ME","","","");
REPLACE INTO class_subject VALUES("19253AKMEMEETH","3AKME","ETH","","100.000","2.00","ME","","","");
REPLACE INTO class_subject VALUES("192951AHMBARHKOP","1AHMBA","KOP","","100.000","3.00","?","","","");
REPLACE INTO class_subject VALUES("192951AHMBAROKOP","1AHMBA","KOP","","100.000","3.00","?","","","");
REPLACE INTO class_subject VALUES("192951BHMBARHKOP","1BHMBA","KOP","","100.000","3.00","?","","","");
REPLACE INTO class_subject VALUES("192951BHMBAROKOP","1BHMBA","KOP","","100.000","3.00","?","","","");
REPLACE INTO class_subject VALUES("192961AHMBARTKOPDG","1AHMBA","KOPDG","","100.000","1.00","?","","","");
REPLACE INTO class_subject VALUES("192961BHMBARTKOPDG","1BHMBA","KOPDG","","100.000","1.00","?","","","");
REPLACE INTO class_subject VALUES("192PGKFTG","","KFTG","","100.000","1.00","PG","","","");
REPLACE INTO class_subject VALUES("19304AFMEFAITATWP_4","5AFME","ITATWP_4","","100.000","4.00","FA","","","");
REPLACE INTO class_subject VALUES("19314AFMEHEETEWP_4","5AFME","ETEWP_4","","100.000","4.00","HE","","","");
REPLACE INTO class_subject VALUES("19333BHWIMHOWPT_4","4BHWIM","WPT_4","","100.000","4.00","HO","","","");
REPLACE INTO class_subject VALUES("19333BHWIMKIWPT_4","4BHWIM","WPT_4","","100.000","4.00","KI","","","");
REPLACE INTO class_subject VALUES("19333BHWIMPEWPT_4","4BHWIM","WPT_4","","100.000","4.00","PE","","","");
REPLACE INTO class_subject VALUES("19342AHETIKAM","3AHET","AM","","100.000","3.00","IK","","","");
REPLACE INTO class_subject VALUES("19352AHETMVNWG_2","3AHET","NWG_2","","100.000","3.00","MV","","","");
REPLACE INTO class_subject VALUES("19361AHETRURK","2AHET","RK","","100.000","2.00","RU","","","");
REPLACE INTO class_subject VALUES("19371AHETGRGGP","2AHET","GGP","","100.000","2.00","GR","","","");
REPLACE INTO class_subject VALUES("193771AHMBASMORD","1AHMBA","ORD","","100.000","1.00","?","","","");
REPLACE INTO class_subject VALUES("193771BHMBASMORD","1BHMBA","ORD","","100.000","1.00","?","","","");
REPLACE INTO class_subject VALUES("19381AHETIKAM","2AHET","AM","","100.000","4.00","IK","","","");
REPLACE INTO class_subject VALUES("19391AHETALFI","2AHET","FI","","100.000","2.00","AL","","","");
REPLACE INTO class_subject VALUES("19391AHETHAFI","2AHET","FI","","100.000","2.00","HA","","","");
REPLACE INTO class_subject VALUES("193STKPH","","KPH","","100.000","1.00","ST","","","");
REPLACE INTO class_subject VALUES("19401AHETSCAUT","2AHET","AUT","","100.000","2.00","SC","","","");
REPLACE INTO class_subject VALUES("19413AHETSSME1","4AHETS","E1","","100.000","2.00","SM","","","");
REPLACE INTO class_subject VALUES("19413AHETSZDE1","4AHETS","E1","","100.000","2.00","ZD","","","");
REPLACE INTO class_subject VALUES("19423AHETSRURK","4AHETS","RK","","100.000","2.00","RU","","","");
REPLACE INTO class_subject VALUES("19434AHETSIKAM","5AHETS","AM","","100.000","2.00","IK","","","");
REPLACE INTO class_subject VALUES("19444AHETSHBWIR_3","5AHETS","WIR_3","","100.000","3.00","HB","","","");
REPLACE INTO class_subject VALUES("19461AHITSZNWT1","2AHIT","NWT1","","100.000","2.00","SZ","","","");
REPLACE INTO class_subject VALUES("19461AHITSZNWT1-22N","1AHIT","NWT1","","100.000","2.00","?","","","");
REPLACE INTO class_subject VALUES("19471AHITALSEW","2AHIT","SEW","","100.000","2.00","AL","","","");
REPLACE INTO class_subject VALUES("19471AHITALSEW-22N","1AHIT","SEW","","100.000","2.00","?","","","");
REPLACE INTO class_subject VALUES("19471AHITGMSEW","2AHIT","SEW","","100.000","2.00","GM","","","");
REPLACE INTO class_subject VALUES("19471AHITGMSEW-22N","1AHIT","SEW","","100.000","2.00","?","","","");
REPLACE INTO class_subject VALUES("19481AHITSLNW2","2AHIT","NW2","","100.000","3.00","SL","","","");
REPLACE INTO class_subject VALUES("19481AHITSLNW2-22N","1AHIT","NW2","","100.000","3.00","?","","","");
REPLACE INTO class_subject VALUES("19491AHITSRGGP","2AHIT","GGP","","100.000","2.00","SR","","","");
REPLACE INTO class_subject VALUES("19491AHITSRGGP-22N","1AHIT","GGP","","100.000","2.00","?","","","");
REPLACE INTO class_subject VALUES("194MEKAUD","","KAUD","","100.000","1.00","ME","","","");
REPLACE INTO class_subject VALUES("19501AHITHASYT","2AHIT","SYT","","100.000","1.00","HA","","","");
REPLACE INTO class_subject VALUES("19501AHITHASYT-22N","1AHIT","SYT","","100.000","1.00","?","","","");
REPLACE INTO class_subject VALUES("19501AHITSCSYT","2AHIT","SYT","","100.000","1.00","SC","","","");
REPLACE INTO class_subject VALUES("19501AHITSCSYT-22N","1AHIT","SYT","","100.000","1.00","?","","","");
REPLACE INTO class_subject VALUES("19511AHITKBD","2AHIT","D","","100.000","3.00","KB","","","");
REPLACE INTO class_subject VALUES("19511AHITKBD-22N","1AHIT","D","","100.000","3.00","?","","","");
REPLACE INTO class_subject VALUES("19511AHITNOD","2AHIT","D","","100.000","3.00","NO","","","");
REPLACE INTO class_subject VALUES("19511AHITNOD-22N","1AHIT","D","","100.000","3.00","?","","","");
REPLACE INTO class_subject VALUES("195691AHMBAROKOP","1AHMBA","KOP","","100.000","1.00","?","","","");
REPLACE INTO class_subject VALUES("195691BHMBAROKOP","1BHMBA","KOP","","100.000","1.00","?","","","");
REPLACE INTO class_subject VALUES("195KIKAUD","","KAUD","","100.000","1.00","KI","","","");
REPLACE INTO class_subject VALUES("196251AHMBAFNWPT_4","1AHMBA","WPT_4","","100.000","4.00","?","","","");
REPLACE INTO class_subject VALUES("196251AHMBAGNWPT_4","1AHMBA","WPT_4","","100.000","4.00","?","","","");
REPLACE INTO class_subject VALUES("196251AHMBATBWPT_4","1AHMBA","WPT_4","","100.000","4.00","?","","","");
REPLACE INTO class_subject VALUES("196251BHMBAFNWPT_4","1BHMBA","WPT_4","","100.000","4.00","?","","","");
REPLACE INTO class_subject VALUES("196251BHMBAGNWPT_4","1BHMBA","WPT_4","","100.000","4.00","?","","","");
REPLACE INTO class_subject VALUES("196251BHMBATBWPT_4","1BHMBA","WPT_4","","100.000","4.00","?","","","");
REPLACE INTO class_subject VALUES("196SRKTSE","","KTSE","","100.000","1.00","SR","","","");
REPLACE INTO class_subject VALUES("19761AHMBAMERK","1AHMBA","RK","","100.000","2.00","?","","","");
REPLACE INTO class_subject VALUES("19761BHMBAMERK","1BHMBA","RK","","100.000","2.00","?","","","");
REPLACE INTO class_subject VALUES("197STNCAD","","NCAD","","100.000","1.00","ST","","","");
REPLACE INTO class_subject VALUES("198DTNDVA","","NDVA","","100.000","1.00","DT","","","");
REPLACE INTO class_subject VALUES("19911AHMBASTAM","1AHMBA","AM","","100.000","3.00","?","","","");
REPLACE INTO class_subject VALUES("19911BHMBASTAM","1BHMBA","AM","","100.000","3.00","?","","","");
REPLACE INTO class_subject VALUES("19921AHMBASMBESP","1AHMBA","BESP","","100.000","2.00","?","","","");
REPLACE INTO class_subject VALUES("19921BHMBASMBESP","1BHMBA","BESP","","100.000","2.00","?","","","");
REPLACE INTO class_subject VALUES("19931AHMBAGRGGP","1AHMBA","GGP","","100.000","2.00","?","","","");
REPLACE INTO class_subject VALUES("19931BHMBAGRGGP","1BHMBA","GGP","","100.000","2.00","?","","","");
REPLACE INTO class_subject VALUES("19941AHMBAPJAINF","1AHMBA","AINF","","100.000","2.00","?","","","");
REPLACE INTO class_subject VALUES("19941AHMBAZSAINF","1AHMBA","AINF","","100.000","2.00","?","","","");
REPLACE INTO class_subject VALUES("19941BHMBAPJAINF","1BHMBA","AINF","","100.000","2.00","?","","","");
REPLACE INTO class_subject VALUES("19941BHMBAZSAINF","1BHMBA","AINF","","100.000","2.00","?","","","");
REPLACE INTO class_subject VALUES("19951AHMBAATD","1AHMBA","D","","100.000","3.00","?","","","");
REPLACE INTO class_subject VALUES("19951BHMBAATD","1BHMBA","D","","100.000","3.00","?","","","");
REPLACE INTO class_subject VALUES("19961AHMBASLNWG_2","1AHMBA","NWG_2","","100.000","3.00","?","","","");
REPLACE INTO class_subject VALUES("19961BHMBASLNWG_2","1BHMBA","NWG_2","","100.000","3.00","?","","","");
REPLACE INTO class_subject VALUES("19971AHMBABCTMB","1AHMBA","TMB","","100.000","2.00","?","","","");
REPLACE INTO class_subject VALUES("19971BHMBABCTMB","1BHMBA","TMB","","100.000","2.00","?","","","");
REPLACE INTO class_subject VALUES("19981AHMBASME1","1AHMBA","E1","","100.000","2.00","?","","","");
REPLACE INTO class_subject VALUES("19981BHMBASME1","1BHMBA","E1","","100.000","2.00","?","","","");
REPLACE INTO class_subject VALUES("199HENCAD","","NCAD","","100.000","3.00","HE","","","");
REPLACE INTO class_subject VALUES("203WJKLAA","","KLAA","","100.000","1.00","WJ","","","");
REPLACE INTO class_subject VALUES("204BHWIMDTLAB","5BHWIM","LAB","","100.000","4.00","DT","","","");
REPLACE INTO class_subject VALUES("204BHWIMJWLAB","5BHWIM","LAB","","100.000","4.00","JW","","","");
REPLACE INTO class_subject VALUES("204GUKLAM","","KLAM","","100.000","1.00","GU","","","");
REPLACE INTO class_subject VALUES("205PEP93E","","P93E","","100.000","1.00","PE","","","");
REPLACE INTO class_subject VALUES("206SXP93E","","P93E","","100.000","1.00","SX","","","");
REPLACE INTO class_subject VALUES("209RHDIR","","DIR","","100.000","1.00","RH","","","");
REPLACE INTO class_subject VALUES("2104AHETSKBORD","5AHETS","ORD","","100.000","1.00","KB","","","");
REPLACE INTO class_subject VALUES("21191AHETRUSOPK","1AHET","SOPK","","100.000","1.00","?","","","");
REPLACE INTO class_subject VALUES("21191AHETSOSOPK","1AHET","SOPK","","100.000","1.00","?","","","");
REPLACE INTO class_subject VALUES("2134AHMBAATD","5AHMBA","D","","100.000","2.00","AT","","","");
REPLACE INTO class_subject VALUES("2143AHMBAWID","4AHMBA","D","","100.000","2.00","WI","","","");
REPLACE INTO class_subject VALUES("215GUQSK","","QSK","","100.000","1.00","GU","","","");
REPLACE INTO class_subject VALUES("2164AHMBAMERK","5AHMBA","RK","","100.000","2.00","ME","","","");
REPLACE INTO class_subject VALUES("2171AHMBAMESOPK","2AHMBA","SOPK","","100.000","2.00","ME","","","");
REPLACE INTO class_subject VALUES("2171AHMBASMSOPK","2AHMBA","SOPK","","100.000","2.00","SM","","","");
REPLACE INTO class_subject VALUES("2182AHMBAGSGGP","3AHMBA","GGP","","100.000","2.00","GS","","","");
REPLACE INTO class_subject VALUES("21831AHETNRE1","1AHET","E1","","100.000","2.00","?","","","");
REPLACE INTO class_subject VALUES("21831AHETSME1","1AHET","E1","","100.000","2.00","?","","","");
REPLACE INTO class_subject VALUES("2191AHETRUSOPK","2AHET","SOPK","","100.000","1.00","RU","","","");
REPLACE INTO class_subject VALUES("2191AHETSOSOPK","2AHET","SOPK","","100.000","1.00","SO","","","");
REPLACE INTO class_subject VALUES("2202AHMBAWJKOPM","3AHMBA","KOPM","","100.000","3.00","WJ","","","");
REPLACE INTO class_subject VALUES("2213AHMBAKOBESP","4AHMBA","BESP","","100.000","2.00","KO","","","");
REPLACE INTO class_subject VALUES("2222AHETRISOPK","3AHET","SOPK","","100.000","1.00","RI","","","");
REPLACE INTO class_subject VALUES("2222AHETRUSOPK","3AHET","SOPK","","100.000","1.00","RU","","","");
REPLACE INTO class_subject VALUES("2234AHETSKBD","5AHETS","D","","100.000","2.00","KB","","","");
REPLACE INTO class_subject VALUES("2244AHMBABCORD","5AHMBA","ORD","","100.000","1.00","BC","","","");
REPLACE INTO class_subject VALUES("2253AHMBABUNWG_2","4AHMBA","NWG_2","","100.000","2.00","BU","","","");
REPLACE INTO class_subject VALUES("2263AHMBAZSIFT","4AHMBA","IFT","","100.000","2.00","ZS","","","");
REPLACE INTO class_subject VALUES("2271AHWIM22WRBET","1AHWIM","BET","","100.000","2.00","?","","","");
REPLACE INTO class_subject VALUES("2271AHWIMWRBET","2AHWIM","BET","","100.000","2.00","WR","","","");
REPLACE INTO class_subject VALUES("2292BHWIMBDAM","3BHWIM","AM","","100.000","3.00","BD","","","");
REPLACE INTO class_subject VALUES("2302BHWIMBUNWG_2","3BHWIM","NWG_2","","100.000","3.00","BU","","","");
REPLACE INTO class_subject VALUES("2312BHWIMJCINFI","3BHWIM","INFI","","100.000","2.00","JC","","","");
REPLACE INTO class_subject VALUES("2312BHWIMKJINFI","3BHWIM","INFI","","100.000","2.00","KJ","","","");
REPLACE INTO class_subject VALUES("2322BHWIMWRUFW_2","3BHWIM","UFW_2","","100.000","1.00","WR","","","");
REPLACE INTO class_subject VALUES("2332BHWIMMVWSFT","3BHWIM","WSFT","","100.000","1.00","MV","","","");
REPLACE INTO class_subject VALUES("2342BHWIMWRORD","3BHWIM","ORD","","100.000","1.00","WR","","","");
REPLACE INTO class_subject VALUES("2353AHETSRURK","4AHETS","RK","","100.000","2.00","RU","","","");
REPLACE INTO class_subject VALUES("2363AHETSSME1","4AHETS","E1","","100.000","2.00","SM","","","");
REPLACE INTO class_subject VALUES("2363AHETSZDE1","4AHETS","E1","","100.000","2.00","ZD","","","");
REPLACE INTO class_subject VALUES("2373AHETSGSBESP","4AHETS","BESP","","100.000","2.00","GS","","","");
REPLACE INTO class_subject VALUES("2383AHETSMVNWG_2","4AHETS","NWG_2","","100.000","2.00","MV","","","");
REPLACE INTO class_subject VALUES("2393AHETSEGAT1","4AHETS","AT1","","100.000","2.00","EG","","","");
REPLACE INTO class_subject VALUES("2413AHETSRUORD","4AHETS","ORD","","100.000","1.00","RU","","","");
REPLACE INTO class_subject VALUES("2423AHWIMSRGGP","4AHWIM","GGP","","100.000","2.00","SR","","","");
REPLACE INTO class_subject VALUES("2433AHMBASRGGP","4AHMBA","GGP","","100.000","2.00","SR","","","");
REPLACE INTO class_subject VALUES("2442BHWIMGSGGP","3BHWIM","GGP","","100.000","2.00","GS","","","");
REPLACE INTO class_subject VALUES("2451AHWIM22SRGGP","1AHWIM","GGP","","100.000","2.00","?","","","");
REPLACE INTO class_subject VALUES("2451AHWIMSRGGP","2AHWIM","GGP","","100.000","2.00","SR","","","");
REPLACE INTO class_subject VALUES("2464AHMBASLNWG_2","5AHMBA","NWG_2","","100.000","2.00","SL","","","");
REPLACE INTO class_subject VALUES("2474AHETSSOIE1","5AHETS","IE1","","100.000","2.00","SO","","","");
REPLACE INTO class_subject VALUES("2514AHWIMWID","5AHWIM","D","","100.000","2.00","WI","","","");
REPLACE INTO class_subject VALUES("2524AHWIMZDGGP","5AHWIM","GGP","","100.000","2.00","ZD","","","");
REPLACE INTO class_subject VALUES("2534AHWIMKOBESP","5AHWIM","BESP","","100.000","2.00","KO","","","");
REPLACE INTO class_subject VALUES("2544AHWIMMGMAA-M","5AHWIM","MAA-M","","100.000","1.00","MG","","","");
REPLACE INTO class_subject VALUES("2553AFMEBAKOP","4AFME","KOP","","100.000","2.00","BA","","","");
REPLACE INTO class_subject VALUES("2553AFMEWMKOP","4AFME","KOP","","100.000","2.00","WM","","","");
REPLACE INTO class_subject VALUES("2564AHETSRURK","5AHETS","RK","","100.000","2.00","RU","","","");
REPLACE INTO class_subject VALUES("257HAABTV","","ABTV","","100.000","1.00","HA","","","");
REPLACE INTO class_subject VALUES("2592AAMEEBAM","2AAME","AM","","50.000","4.00","EB","","","");
REPLACE INTO class_subject VALUES("2602AAMESLNWTG_2","2AAME","NWTG_2","","50.000","2.00","SL","","","");
REPLACE INTO class_subject VALUES("2612AAMEMVNWTG_2","2AAME","NWTG_2","","50.000","2.00","MV","","","");
REPLACE INTO class_subject VALUES("2621AFMESLNWG_2","2AFME","NWG_2","","100.000","2.00","SL","","","");
REPLACE INTO class_subject VALUES("2652AHWIMBUNWG_2","3AHWIM","NWG_2","","100.000","3.00","BU","","","");
REPLACE INTO class_subject VALUES("2733AAMEKUD","3AAME","D","","50.000","2.00","KU","","","");
REPLACE INTO class_subject VALUES("2753AAMESTAM","3AAME","AM","","50.000","5.00","ST","","","");
REPLACE INTO class_subject VALUES("2773AHWIMMVNWG_2","4AHWIM","NWG_2","","100.000","2.00","MV","","","");
REPLACE INTO class_subject VALUES("2783AHWIMWKBET","4AHWIM","BET","","100.000","2.00","WK","","","");
REPLACE INTO class_subject VALUES("2813AAMEWGSKOC","3AAME","SKOC","","50.000","1.00","WG","","","");
REPLACE INTO class_subject VALUES("2813AKMEWGSKOC","3AKME","SKOC","","100.000","1.00","WG","","","");
REPLACE INTO class_subject VALUES("2822AHMBAMVNWG_2","3AHMBA","NWG_2","","100.000","2.00","MV","","","");
REPLACE INTO class_subject VALUES("2831AHETNRE1","2AHET","E1","","100.000","2.00","NR","","","");
REPLACE INTO class_subject VALUES("2831AHETSME1","2AHET","E1","","100.000","2.00","SM","","","");
REPLACE INTO class_subject VALUES("2842AHETRIE1","3AHET","E1","","100.000","2.00","RI","","","");
REPLACE INTO class_subject VALUES("2852AHETMVNWG_2","3AHET","NWG_2","","100.000","3.00","MV","","","");
REPLACE INTO class_subject VALUES("2862AHWIMSERK","3AHWIM","RK","","100.000","2.00","SE","","","");
REPLACE INTO class_subject VALUES("2872BHWIMSERK","3BHWIM","RK","","100.000","2.00","SE","","","");
REPLACE INTO class_subject VALUES("2892AAMEWGAINF","2AAME","AINF","","50.000","2.00","WG","","","");
REPLACE INTO class_subject VALUES("2903AAMEHBWIR_3","3AAME","WIR_3","","50.000","2.00","HB","","","");
REPLACE INTO class_subject VALUES("2903AKMEHBWIR_3","3AKME","WIR_3","","100.000","2.00","HB","","","");
REPLACE INTO class_subject VALUES("2913AAMEWGMTSA","3AAME","MTSA","","50.000","2.00","WG","","","");
REPLACE INTO class_subject VALUES("2913AKMEWGMTSA","3AKME","MTSA","","100.000","2.00","WG","","","");
REPLACE INTO class_subject VALUES("2923AAMEWGFI","3AAME","FI","","50.000","3.00","WG","","","");
REPLACE INTO class_subject VALUES("2923AKMEWGFI","3AKME","FI","","100.000","3.00","WG","","","");
REPLACE INTO class_subject VALUES("292AFMEHOSOPK","3AFME","SOPK","","100.000","1.00","HO","","","");
REPLACE INTO class_subject VALUES("292AFMERUSOPK","3AFME","SOPK","","100.000","1.00","RU","","","");
REPLACE INTO class_subject VALUES("2933AAMESGKOP","3AAME","KOP","","50.000","4.00","SG","","","");
REPLACE INTO class_subject VALUES("2933AAMEWMKOP","3AAME","KOP","","50.000","4.00","WM","","","");
REPLACE INTO class_subject VALUES("2933AKMESGKOP","3AKME","KOP","","100.000","4.00","SG","","","");
REPLACE INTO class_subject VALUES("2933AKMEWMKOP","3AKME","KOP","","100.000","4.00","WM","","","");
REPLACE INTO class_subject VALUES("294DTNCAD","","NCAD","","100.000","1.00","DT","","","");
REPLACE INTO class_subject VALUES("2951AHMBARHKOP","2AHMBA","KOP","","100.000","3.00","RH","","","");
REPLACE INTO class_subject VALUES("2951AHMBAROKOP","2AHMBA","KOP","","100.000","3.00","RO","","","");
REPLACE INTO class_subject VALUES("2961AHMBARTKOPDG","2AHMBA","KOPDG","","100.000","1.00","RT","","","");
REPLACE INTO class_subject VALUES("2973AHMBASAKOPM","4AHMBA","KOPM","","100.000","2.00","SA","","","");
REPLACE INTO class_subject VALUES("2983AHMBAPOKOP","4AHMBA","KOP","","100.000","3.00","PO","","","");
REPLACE INTO class_subject VALUES("2983AHMBARTKOP","4AHMBA","KOP","","100.000","3.00","RT","","","");
REPLACE INTO class_subject VALUES("2994AHMBAPOAUT","5AHMBA","AUT","","100.000","2.00","PO","","","");
REPLACE INTO class_subject VALUES("3004AHMBABCROBP","5AHMBA","ROBP","","100.000","2.00","BC","","","");
REPLACE INTO class_subject VALUES("3004AHMBAPOROBP","5AHMBA","ROBP","","100.000","2.00","PO","","","");
REPLACE INTO class_subject VALUES("3031AHWIM22RAMB-ME","1AHWIM","MB-ME","","100.000","2.00","?","","","");
REPLACE INTO class_subject VALUES("3031AHWIMRAMB-ME","2AHWIM","MB-ME","","100.000","2.00","RA","","","");
REPLACE INTO class_subject VALUES("3041AHWIM22RAMB-MEL","1AHWIM","MB-MEL","","100.000","1.00","?","","","");
REPLACE INTO class_subject VALUES("3041AHWIMRAMB-MEL","2AHWIM","MB-MEL","","100.000","1.00","RA","","","");
REPLACE INTO class_subject VALUES("3051AHWIM22JWMB-DG","1AHWIM","MB-DG","","100.000","2.00","?","","","");
REPLACE INTO class_subject VALUES("3051AHWIM22MGMB-DG","1AHWIM","MB-DG","","100.000","2.00","?","","","");
REPLACE INTO class_subject VALUES("3051AHWIMJWMB-DG","2AHWIM","MB-DG","","100.000","2.00","JW","","","");
REPLACE INTO class_subject VALUES("3051AHWIMMGMB-DG","2AHWIM","MB-DG","","100.000","2.00","MG","","","");
REPLACE INTO class_subject VALUES("3062AHWIMJWMB-KU","3AHWIM","MB-KU","","100.000","3.00","JW","","","");
REPLACE INTO class_subject VALUES("3062AHWIMTOMB-KU","3AHWIM","MB-KU","","100.000","3.00","TO","","","");
REPLACE INTO class_subject VALUES("3072AHWIMGUMB-ME","3AHWIM","MB-ME","","100.000","1.00","GU","","","");
REPLACE INTO class_subject VALUES("3072AHWIMRAMB-ME","3AHWIM","MB-ME","","100.000","1.00","RA","","","");
REPLACE INTO class_subject VALUES("3082AHWIMKRMB-MEL","3AHWIM","MB-MEL","","100.000","2.00","KR","","","");
REPLACE INTO class_subject VALUES("3092BHWIMRHMB-KU","3BHWIM","MB-KU","","100.000","3.00","RH","","","");
REPLACE INTO class_subject VALUES("3092BHWIMTOMB-KU","3BHWIM","MB-KU","","100.000","3.00","TO","","","");
REPLACE INTO class_subject VALUES("3102BHWIMGUMB-ME","3BHWIM","MB-ME","","100.000","1.00","GU","","","");
REPLACE INTO class_subject VALUES("3112BHWIMKRMB-MEL","3BHWIM","MB-MEL","","100.000","2.00","KR","","","");
REPLACE INTO class_subject VALUES("3123AHWIMSERK","4AHWIM","RK","","100.000","2.00","SE","","","");
REPLACE INTO class_subject VALUES("3133AHWIMMGMAA-M","4AHWIM","MAA-M","","100.000","1.00","MG","","","");
REPLACE INTO class_subject VALUES("314AFMEBAKOP","5AFME","KOP","","100.000","2.00","BA","","","");
REPLACE INTO class_subject VALUES("314AFMEWMKOP","5AFME","KOP","","100.000","2.00","WM","","","");
REPLACE INTO class_subject VALUES("3153AHWIMDTMAA-E","4AHWIM","MAA-E","","100.000","2.00","DT","","","");
REPLACE INTO class_subject VALUES("3163AHWIMBRMB-KU","4AHWIM","MB-KU","","100.000","3.00","BR","","","");
REPLACE INTO class_subject VALUES("3163AHWIMRAMB-KU","4AHWIM","MB-KU","","100.000","3.00","RA","","","");
REPLACE INTO class_subject VALUES("3173AHWIMMGMB-ME","4AHWIM","MB-ME","","100.000","2.00","MG","","","");
REPLACE INTO class_subject VALUES("3233AAMEBRFTBT","3AAME","FTBT","","50.000","4.00","BR","","","");
REPLACE INTO class_subject VALUES("3233AKMEBRFTBT","3AKME","FTBT","","100.000","4.00","BR","","","");
REPLACE INTO class_subject VALUES("3251AFMEBUE1","2AFME","E1","","100.000","2.00","BU","","","");
REPLACE INTO class_subject VALUES("3251AFMESME1","2AFME","E1","","100.000","2.00","SM","","","");
REPLACE INTO class_subject VALUES("3274AHETSSCLAB","5AHETS","LAB","","100.000","4.00","SC","","","");
REPLACE INTO class_subject VALUES("3274AHETSWGLAB","5AHETS","LAB","","100.000","4.00","WG","","","");
REPLACE INTO class_subject VALUES("3284AHWIMWKUFW_2","5AHWIM","UFW_2","","100.000","2.00","WK","","","");
REPLACE INTO class_subject VALUES("3294AHWIMNOUFW_1","5AHWIM","UFW_1","","100.000","1.00","NO","","","");
REPLACE INTO class_subject VALUES("3304AHWIMSLNWG_2","5AHWIM","NWG_2","","100.000","1.00","SL","","","");
REPLACE INTO class_subject VALUES("3314AHWIMGUMB-ME","5AHWIM","MB-ME","","100.000","2.00","GU","","","");
REPLACE INTO class_subject VALUES("3324BHWIMMERK","5BHWIM","RK","","100.000","2.00","ME","","","");
REPLACE INTO class_subject VALUES("3334BHWIMNOD","5BHWIM","D","","100.000","2.00","NO","","","");
REPLACE INTO class_subject VALUES("3354BHWIMZDGGP","5BHWIM","GGP","","100.000","2.00","ZD","","","");
REPLACE INTO class_subject VALUES("3364BHWIMKOBESP","5BHWIM","BESP","","100.000","2.00","KO","","","");
REPLACE INTO class_subject VALUES("3374BHWIMSHAM","5BHWIM","AM","","100.000","2.00","SH","","","");
REPLACE INTO class_subject VALUES("3384BHWIMSTNWG_2","5BHWIM","NWG_2","","100.000","2.00","ST","","","");
REPLACE INTO class_subject VALUES("3394BHWIMKJINFI","5BHWIM","INFI","","100.000","2.00","KJ","","","");
REPLACE INTO class_subject VALUES("3394BHWIMWRINFI","5BHWIM","INFI","","100.000","2.00","WR","","","");
REPLACE INTO class_subject VALUES("3404BHWIMKJBET","5BHWIM","BET","","100.000","3.00","KJ","","","");
REPLACE INTO class_subject VALUES("3414BHWIMPGWSFT","5BHWIM","WSFT","","100.000","2.00","PG","","","");
REPLACE INTO class_subject VALUES("3424BHWIMMGMAA-M","5BHWIM","MAA-M","","100.000","1.00","MG","","","");
REPLACE INTO class_subject VALUES("3434BHWIMDTMAA-E","5BHWIM","MAA-E","","100.000","1.00","DT","","","");
REPLACE INTO class_subject VALUES("3444BHWIMRAMB-KU","5BHWIM","MB-KU","","100.000","3.00","RA","","","");
REPLACE INTO class_subject VALUES("3444BHWIMWRMB-KU","5BHWIM","MB-KU","","100.000","3.00","WR","","","");
REPLACE INTO class_subject VALUES("3454BHWIMMGMB-ME","5BHWIM","MB-ME","","100.000","2.00","MG","","","");
REPLACE INTO class_subject VALUES("3461AHITAIRISL","2AHIT","RISL","","100.000","2.00","AI","","","");
REPLACE INTO class_subject VALUES("3461AHITAIRISL-22N","1AHIT","RISL","","100.000","2.00","?","","","");
REPLACE INTO class_subject VALUES("3461BHMBAAIRISL","2BHMBA","RISL","","100.000","2.00","AI","","","");
REPLACE INTO class_subject VALUES("3462AFMEAIRISL","3AFME","RISL","","100.000","2.00","AI","","","");
REPLACE INTO class_subject VALUES("3462BHMBAAIRISL","3BHMBA","RISL","","100.000","2.00","AI","","","");
REPLACE INTO class_subject VALUES("3463AHMBAAIRISL","4AHMBA","RISL","","100.000","2.00","AI","","","");
REPLACE INTO class_subject VALUES("3463AHWIMAIRISL","4AHWIM","RISL","","100.000","2.00","AI","","","");
REPLACE INTO class_subject VALUES("3464AHETSAIRISL","5AHETS","RISL","","100.000","2.00","AI","","","");
REPLACE INTO class_subject VALUES("3484BHWIMKJORD","5BHWIM","ORD","","100.000","1.00","KJ","","","");
REPLACE INTO class_subject VALUES("3494BHWIMWRUFW_2","5BHWIM","UFW_2","","100.000","2.00","WR","","","");
REPLACE INTO class_subject VALUES("3512AFMEMERK","3AFME","RK","","100.000","2.00","ME","","","");
REPLACE INTO class_subject VALUES("3522AFMEWIDUK","3AFME","DUK","","100.000","3.00","WI","","","");
REPLACE INTO class_subject VALUES("3532AFMENOE1","3AFME","E1","","100.000","2.00","NO","","","");
REPLACE INTO class_subject VALUES("3532AFMERIE1","3AFME","E1","","100.000","2.00","RI","","","");
REPLACE INTO class_subject VALUES("3542AFMEHOORD","3AFME","ORD","","100.000","1.00","HO","","","");
REPLACE INTO class_subject VALUES("3575AAMEKTWIR_3","5AAME","WIR_3","","50.000","2.00","KT","","","");
REPLACE INTO class_subject VALUES("3575AKMEKTWIR_3","5AKME","WIR_3","","100.000","2.00","KT","","","");
REPLACE INTO class_subject VALUES("3585AAMEEBAM","5AAME","AM","","50.000","2.00","EB","","","");
REPLACE INTO class_subject VALUES("3585AKMEEBAM","5AKME","AM","","100.000","2.00","EB","","","");
REPLACE INTO class_subject VALUES("3605AAMESGKOP","5AAME","KOP","","50.000","3.00","SG","","","");
REPLACE INTO class_subject VALUES("3605AAMEWJKOP","5AAME","KOP","","50.000","3.00","WJ","","","");
REPLACE INTO class_subject VALUES("3605AKMESGKOP","5AKME","KOP","","100.000","3.00","SG","","","");
REPLACE INTO class_subject VALUES("3605AKMEWJKOP","5AKME","KOP","","100.000","3.00","WJ","","","");
REPLACE INTO class_subject VALUES("3615AAMEGUMEEM","5AAME","MEEM","","50.000","3.00","GU","","","");
REPLACE INTO class_subject VALUES("3615AKMEGUMEEM","5AKME","MEEM","","100.000","3.00","GU","","","");
REPLACE INTO class_subject VALUES("3625AAMEJWROB","5AAME","ROB","","50.000","3.00","JW","","","");
REPLACE INTO class_subject VALUES("3625AKMEJWROB","5AKME","ROB","","100.000","3.00","JW","","","");
REPLACE INTO class_subject VALUES("3636AAMEBUE1","6AAME","E1","","50.000","2.00","BU","","","");
REPLACE INTO class_subject VALUES("3636AAMESME1","6AAME","E1","","50.000","2.00","SM","","","");
REPLACE INTO class_subject VALUES("3646AAMEKTWIR_3","6AAME","WIR_3","","50.000","2.00","KT","","","");
REPLACE INTO class_subject VALUES("3646AKMEKTWIR_3","6AKME","WIR_3","","100.000","2.00","KT","","","");
REPLACE INTO class_subject VALUES("3656AAMEEBAM","6AAME","AM","","50.000","2.00","EB","","","");
REPLACE INTO class_subject VALUES("3656AKMEEBAM","6AKME","AM","","100.000","2.00","EB","","","");
REPLACE INTO class_subject VALUES("3666AAMEWGETE","6AAME","ETE","","50.000","2.00","WG","","","");
REPLACE INTO class_subject VALUES("3666AKMEWGETE","6AKME","ETE","","100.000","2.00","WG","","","");
REPLACE INTO class_subject VALUES("3676AAMESGKOP","6AAME","KOP","","50.000","3.00","SG","","","");
REPLACE INTO class_subject VALUES("3676AAMEWJKOP","6AAME","KOP","","50.000","3.00","WJ","","","");
REPLACE INTO class_subject VALUES("3676AKMESGKOP","6AKME","KOP","","100.000","3.00","SG","","","");
REPLACE INTO class_subject VALUES("3676AKMEWJKOP","6AKME","KOP","","100.000","3.00","WJ","","","");
REPLACE INTO class_subject VALUES("3685AAMEWGSKOC","5AAME","SKOC","","50.000","1.00","WG","","","");
REPLACE INTO class_subject VALUES("3685AKMEWGSKOC","5AKME","SKOC","","100.000","1.00","WG","","","");
REPLACE INTO class_subject VALUES("3696AAMEJWROB","6AAME","ROB","","50.000","3.00","JW","","","");
REPLACE INTO class_subject VALUES("3696AKMEJWROB","6AKME","ROB","","100.000","3.00","JW","","","");
REPLACE INTO class_subject VALUES("36SXNCAD","","NCAD","","100.000","2.00","SX","","","");
REPLACE INTO class_subject VALUES("3702AAMEBUE1","2AAME","E1","","50.000","6.00","BU","","","");
REPLACE INTO class_subject VALUES("3712AAMEHGD","2AAME","D","","50.000","6.00","HG","","","");
REPLACE INTO class_subject VALUES("3753AHETSGMCPE","4AHETS","CPE","","100.000","3.00","GM","","","");
REPLACE INTO class_subject VALUES("3753AHETSSOCPE","4AHETS","CPE","","100.000","3.00","SO","","","");
REPLACE INTO class_subject VALUES("3762BHWIMWRBET","3BHWIM","BET","","100.000","1.00","WR","","","");
REPLACE INTO class_subject VALUES("3771AHMBASMORD","2AHMBA","ORD","","100.000","1.00","SM","","","");
REPLACE INTO class_subject VALUES("378DTP93E","","P93E","","100.000","1.00","DT","","","");
REPLACE INTO class_subject VALUES("379FKNCAD","","NCAD","","100.000","1.00","FK","","","");
REPLACE INTO class_subject VALUES("37BDNBU","","NBU","","100.000","1.00","BD","","","");
REPLACE INTO class_subject VALUES("380MVKCH","","KCH","","100.000","1.00","MV","","","");
REPLACE INTO class_subject VALUES("3816AAMEBAWPT_3","6AAME","WPT_3","","50.000","4.00","BA","","","");
REPLACE INTO class_subject VALUES("3816AAMEDRWPT_3","6AAME","WPT_3","","50.000","4.00","DR","","","");
REPLACE INTO class_subject VALUES("3816AAMEHOWPT_3","6AAME","WPT_3","","50.000","4.00","HO","","","");
REPLACE INTO class_subject VALUES("3816AKMEBAWPT_3","6AKME","WPT_3","","100.000","4.00","BA","","","");
REPLACE INTO class_subject VALUES("3816AKMEDRWPT_3","6AKME","WPT_3","","100.000","4.00","DR","","","");
REPLACE INTO class_subject VALUES("3816AKMEHOWPT_3","6AKME","WPT_3","","100.000","4.00","HO","","","");
REPLACE INTO class_subject VALUES("3821AFMEKIETE","2AFME","ETE","","100.000","2.00","KI","","","");
REPLACE INTO class_subject VALUES("3834AHMBAEBAM","5AHMBA","AM","","100.000","2.00","EB","","","");
REPLACE INTO class_subject VALUES("3844AHETSSLNWG_2","5AHETS","NWG_2","","100.000","2.00","SL","","","");
REPLACE INTO class_subject VALUES("385WJNDVA","","NDVA","","100.000","1.00","WJ","","","");
REPLACE INTO class_subject VALUES("386SGP93Z","","P93Z","","100.000","1.00","SG","","","");
REPLACE INTO class_subject VALUES("3874AHWIMSERK","5AHWIM","RK","","100.000","2.00","SE","","","");
REPLACE INTO class_subject VALUES("388SBNCAD","","NCAD","","100.000","1.00","SB","","","");
REPLACE INTO class_subject VALUES("3892AHWIMZDGGP","3AHWIM","GGP","","100.000","2.00","ZD","","","");
REPLACE INTO class_subject VALUES("38KBNBU","","NBU","","100.000","3.00","KB","","","");
REPLACE INTO class_subject VALUES("390MGGEW","","GEW","","100.000","1.00","MG","","","");
REPLACE INTO class_subject VALUES("3914BHWIMGULAB","5BHWIM","LAB","","100.000","4.00","GU","","","");
REPLACE INTO class_subject VALUES("3914BHWIMWRLAB","5BHWIM","LAB","","100.000","4.00","WR","","","");
REPLACE INTO class_subject VALUES("39ATNBU","","NBU","","100.000","3.00","AT","","","");
REPLACE INTO class_subject VALUES("404AHMBAEGETE","5AHMBA","ETE","","100.000","2.00","EG","","","");
REPLACE INTO class_subject VALUES("4132AHETHRES1","3AHET","ES1","","100.000","3.00","HR","","","");
REPLACE INTO class_subject VALUES("4141AFMESDITAT_1","2AFME","ITAT_1","","100.000","2.00","SD","","","");
REPLACE INTO class_subject VALUES("414AHETSIKAM","5AHETS","AM","","100.000","2.00","IK","","","");
REPLACE INTO class_subject VALUES("4151AFMESOAINF","2AFME","AINF","","100.000","2.00","SO","","","");
REPLACE INTO class_subject VALUES("4151AFMESXAINF","2AFME","AINF","","100.000","2.00","SX","","","");
REPLACE INTO class_subject VALUES("4162AHETHAAUT","3AHET","AUT","","100.000","2.00","HA","","","");
REPLACE INTO class_subject VALUES("4173AHETSGMAIIT","4AHETS","AIIT","","100.000","2.00","GM","","","");
REPLACE INTO class_subject VALUES("4184AHETSLFAIIT","5AHETS","AIIT","","100.000","2.00","LF","","","");
REPLACE INTO class_subject VALUES("41911AHETSOES1","1AHET","ES1","","100.000","2.00","?","","","");
REPLACE INTO class_subject VALUES("4196AAMEWID","6AAME","D","","50.000","2.00","WI","","","");
REPLACE INTO class_subject VALUES("4205AAMEGMFI","5AAME","FI","","50.000","2.00","GM","","","");
REPLACE INTO class_subject VALUES("4205AAMELFFI","5AAME","FI","","50.000","2.00","LF","","","");
REPLACE INTO class_subject VALUES("4205AKMEGMFI","5AKME","FI","","100.000","2.00","GM","","","");
REPLACE INTO class_subject VALUES("4205AKMELFFI","5AKME","FI","","100.000","2.00","LF","","","");
REPLACE INTO class_subject VALUES("4244AHMBAKRFET1_1","5AHMBA","FET1_1","","100.000","2.00","KR","","","");
REPLACE INTO class_subject VALUES("424AHWIMPGWSFT","5AHWIM","WSFT","","100.000","3.00","PG","","","");
REPLACE INTO class_subject VALUES("425ANSPR","","SPR","","100.000","1.00","AN","","","");
REPLACE INTO class_subject VALUES("426ATSPR","","SPR","","100.000","1.00","AT","","","");
REPLACE INTO class_subject VALUES("427BCSPR","","SPR","","100.000","1.00","BC","","","");
REPLACE INTO class_subject VALUES("428BDSPR","","SPR","","100.000","1.00","BD","","","");
REPLACE INTO class_subject VALUES("429BUSPR","","SPR","","100.000","1.00","BU","","","");
REPLACE INTO class_subject VALUES("430DTSPR","","SPR","","100.000","1.00","DT","","","");
REPLACE INTO class_subject VALUES("431EGSPR","","SPR","","100.000","1.00","EG","","","");
REPLACE INTO class_subject VALUES("432AHETSCAT1","3AHET","AT1","","100.000","2.00","SC","","","");
REPLACE INTO class_subject VALUES("432EMSPR","","SPR","","100.000","1.00","EM","","","");
REPLACE INTO class_subject VALUES("433GMSPR","","SPR","","100.000","1.00","GM","","","");
REPLACE INTO class_subject VALUES("434GUSPR","","SPR","","100.000","1.00","GU","","","");
REPLACE INTO class_subject VALUES("435HASPR","","SPR","","100.000","1.00","HA","","","");
REPLACE INTO class_subject VALUES("436HMSPR","","SPR","","100.000","1.00","HM","","","");
REPLACE INTO class_subject VALUES("437HISPR","","SPR","","100.000","1.00","HI","","","");
REPLACE INTO class_subject VALUES("438HGSPR","","SPR","","100.000","1.00","HG","","","");
REPLACE INTO class_subject VALUES("439JWSPR","","SPR","","100.000","1.00","JW","","","");
REPLACE INTO class_subject VALUES("440KOSPR","","SPR","","100.000","1.00","KO","","","");
REPLACE INTO class_subject VALUES("441KBSPR","","SPR","","100.000","1.00","KB","","","");
REPLACE INTO class_subject VALUES("442KTSPR","","SPR","","100.000","1.00","KT","","","");
REPLACE INTO class_subject VALUES("443KJSPR","","SPR","","100.000","1.00","KJ","","","");
REPLACE INTO class_subject VALUES("444KRSPR","","SPR","","100.000","1.00","KR","","","");
REPLACE INTO class_subject VALUES("445LFSPR","","SPR","","100.000","1.00","LF","","","");
REPLACE INTO class_subject VALUES("446MGSPR","","SPR","","100.000","1.00","MG","","","");
REPLACE INTO class_subject VALUES("447MESPR","","SPR","","100.000","1.00","ME","","","");
REPLACE INTO class_subject VALUES("448MVSPR","","SPR","","100.000","1.00","MV","","","");
REPLACE INTO class_subject VALUES("450NRSPR","","SPR","","100.000","1.00","NR","","","");
REPLACE INTO class_subject VALUES("451NOSPR","","SPR","","100.000","1.00","NO","","","");
REPLACE INTO class_subject VALUES("453PGSPR","","SPR","","100.000","1.00","PG","","","");
REPLACE INTO class_subject VALUES("454POSPR","","SPR","","100.000","1.00","PO","","","");
REPLACE INTO class_subject VALUES("455RTSPR","","SPR","","100.000","1.00","RT","","","");
REPLACE INTO class_subject VALUES("456RDSPR","","SPR","","100.000","1.00","RD","","","");
REPLACE INTO class_subject VALUES("457RISPR","","SPR","","100.000","1.00","RI","","","");
REPLACE INTO class_subject VALUES("458RUSPR","","SPR","","100.000","1.00","RU","","","");
REPLACE INTO class_subject VALUES("459SASPR","","SPR","","100.000","1.00","SA","","","");
REPLACE INTO class_subject VALUES("460SLSPR","","SPR","","100.000","1.00","SL","","","");
REPLACE INTO class_subject VALUES("461SZSPR","","SPR","","100.000","1.00","SZ","","","");
REPLACE INTO class_subject VALUES("462SCSPR","","SPR","","100.000","1.00","SC","","","");
REPLACE INTO class_subject VALUES("463SRSPR","","SPR","","100.000","1.00","SR","","","");
REPLACE INTO class_subject VALUES("464SHSPR","","SPR","","100.000","1.00","SH","","","");
REPLACE INTO class_subject VALUES("465SESPR","","SPR","","100.000","1.00","SE","","","");
REPLACE INTO class_subject VALUES("466SGSPR","","SPR","","100.000","1.00","SG","","","");
REPLACE INTO class_subject VALUES("467SOSPR","","SPR","","100.000","1.00","SO","","","");
REPLACE INTO class_subject VALUES("468STSPR","","SPR","","100.000","1.00","ST","","","");
REPLACE INTO class_subject VALUES("46EBSPR","","SPR","","100.000","1.00","EB","","","");
REPLACE INTO class_subject VALUES("470TOSPR","","SPR","","100.000","1.00","TO","","","");
REPLACE INTO class_subject VALUES("471WJSPR","","SPR","","100.000","1.00","WJ","","","");
REPLACE INTO class_subject VALUES("472WKSPR","","SPR","","100.000","1.00","WK","","","");
REPLACE INTO class_subject VALUES("473WGSPR","","SPR","","100.000","1.00","WG","","","");
REPLACE INTO class_subject VALUES("474WRSPR","","SPR","","100.000","1.00","WR","","","");
REPLACE INTO class_subject VALUES("475WISPR","","SPR","","100.000","1.00","WI","","","");
REPLACE INTO class_subject VALUES("476ZDSPR","","SPR","","100.000","1.00","ZD","","","");
REPLACE INTO class_subject VALUES("477ATSPR","","SPR","","100.000","1.00","AT","","","");
REPLACE INTO class_subject VALUES("478HISPR","","SPR","","100.000","1.00","HI","","","");
REPLACE INTO class_subject VALUES("4791BHWIM22MERK","1BHWIM","RK","","100.000","2.00","?","","","");
REPLACE INTO class_subject VALUES("4791BHWIMMERK","2BHWIM","RK","","100.000","2.00","ME","","","");
REPLACE INTO class_subject VALUES("4801BHWIM22WID","1BHWIM","D","","100.000","3.00","?","","","");
REPLACE INTO class_subject VALUES("4801BHWIMWID","2BHWIM","D","","100.000","3.00","WI","","","");
REPLACE INTO class_subject VALUES("4811BHWIM22SHAM","1BHWIM","AM","","100.000","3.00","?","","","");
REPLACE INTO class_subject VALUES("4811BHWIMSHAM","2BHWIM","AM","","100.000","3.00","SH","","","");
REPLACE INTO class_subject VALUES("4821BHWIM22STNWG_2","1BHWIM","NWG_2","","100.000","3.00","?","","","");
REPLACE INTO class_subject VALUES("4821BHWIMSTNWG_2","2BHWIM","NWG_2","","100.000","3.00","ST","","","");
REPLACE INTO class_subject VALUES("482AHETKBD","3AHET","D","","100.000","2.00","KB","","","");
REPLACE INTO class_subject VALUES("4831BHWIM22APINFI","1BHWIM","INFI","","100.000","2.00","?","","","");
REPLACE INTO class_subject VALUES("4831BHWIM22SOINFI","1BHWIM","INFI","","100.000","2.00","?","","","");
REPLACE INTO class_subject VALUES("4831BHWIMAPINFI","2BHWIM","INFI","","100.000","2.00","AP","","","");
REPLACE INTO class_subject VALUES("4831BHWIMSOINFI","2BHWIM","INFI","","100.000","2.00","SO","","","");
REPLACE INTO class_subject VALUES("4841BHWIM22KGWSFT","1BHWIM","WSFT","","100.000","2.00","?","","","");
REPLACE INTO class_subject VALUES("4841BHWIMKGWSFT","2BHWIM","WSFT","","100.000","2.00","KG","","","");
REPLACE INTO class_subject VALUES("4851BHWIM22WKBET","1BHWIM","BET","","100.000","2.00","?","","","");
REPLACE INTO class_subject VALUES("4851BHWIMWKBET","2BHWIM","BET","","100.000","2.00","WK","","","");
REPLACE INTO class_subject VALUES("4861BHWIM22SRGGP","1BHWIM","GGP","","100.000","2.00","?","","","");
REPLACE INTO class_subject VALUES("4861BHWIMSRGGP","2BHWIM","GGP","","100.000","2.00","SR","","","");
REPLACE INTO class_subject VALUES("4871BHWIM22BRMB-ME","1BHWIM","MB-ME","","100.000","2.00","?","","","");
REPLACE INTO class_subject VALUES("4871BHWIMBRMB-ME","2BHWIM","MB-ME","","100.000","2.00","BR","","","");
REPLACE INTO class_subject VALUES("4881BHWIM22BRMB-MEL","1BHWIM","MB-MEL","","100.000","1.00","?","","","");
REPLACE INTO class_subject VALUES("4881BHWIMBRMB-MEL","2BHWIM","MB-MEL","","100.000","1.00","BR","","","");
REPLACE INTO class_subject VALUES("4903AHWIMGUWSFT","4AHWIM","WSFT","","100.000","2.00","GU","","","");
REPLACE INTO class_subject VALUES("4911AHETSOES1","2AHET","ES1","","100.000","2.00","SO","","","");
REPLACE INTO class_subject VALUES("4924AHWIMDTLAB","5AHWIM","LAB","","100.000","4.00","DT","","","");
REPLACE INTO class_subject VALUES("4934BHWIMDTLAB","5BHWIM","LAB","","100.000","4.00","DT","","","");
REPLACE INTO class_subject VALUES("4934BHWIMJWLAB","5BHWIM","LAB","","100.000","4.00","JW","","","");
REPLACE INTO class_subject VALUES("4944AHMBABRWIR_3","5AHMBA","WIR_3","","100.000","2.00","BR","","","");
REPLACE INTO class_subject VALUES("4954AHMBAGSBESP","5AHMBA","BESP","","100.000","2.00","GS","","","");
REPLACE INTO class_subject VALUES("4964AHETSHBWIR_3","5AHETS","WIR_3","","100.000","3.00","HB","","","");
REPLACE INTO class_subject VALUES("4994AHETSSOEMV","5AHETS","EMV","","100.000","1.00","SO","","","");
REPLACE INTO class_subject VALUES("5003AHMBASHAM","4AHMBA","AM","","100.000","3.00","SH","","","");
REPLACE INTO class_subject VALUES("502AHETZDGGP","3AHET","GGP","","100.000","2.00","ZD","","","");
REPLACE INTO class_subject VALUES("5043AFMEZEUNF","4AFME","UNF","","100.000","2.00","ZE","","","");
REPLACE INTO class_subject VALUES("5053AFMESNFTKM_1","4AFME","FTKM_1","","100.000","2.00","SN","","","");
REPLACE INTO class_subject VALUES("5063AFMEDRETE","4AFME","ETE","","100.000","1.00","DR","","","");
REPLACE INTO class_subject VALUES("5091BHMBASTORD","2BHMBA","ORD","","100.000","1.00","ST","","","");
REPLACE INTO class_subject VALUES("5101BHMBARTKOP","2BHMBA","KOP","","100.000","1.00","RT","","","");
REPLACE INTO class_subject VALUES("5111AHETGRGGP","1AHET","GGP","","100.000","2.00","?","","","");
REPLACE INTO class_subject VALUES("5111BHMBARTKOPDG","2BHMBA","KOPDG","","100.000","1.00","RT","","","");
REPLACE INTO class_subject VALUES("511AHETGRGGP","2AHET","GGP","","100.000","2.00","GR","","","");
REPLACE INTO class_subject VALUES("5121AHETHAES1","1AHET","ES1","","100.000","2.00","?","","","");
REPLACE INTO class_subject VALUES("5121AHETSOES1","1AHET","ES1","","100.000","2.00","?","","","");
REPLACE INTO class_subject VALUES("5121BHMBARTKOP","2BHMBA","KOP","","100.000","3.00","RT","","","");
REPLACE INTO class_subject VALUES("5121BHMBASAKOP","2BHMBA","KOP","","100.000","3.00","SA","","","");
REPLACE INTO class_subject VALUES("5131BHMBAMERK","2BHMBA","RK","","100.000","2.00","ME","","","");
REPLACE INTO class_subject VALUES("51351AHETRURK","1AHET","RK","","100.000","2.00","?","","","");
REPLACE INTO class_subject VALUES("5141BHMBABCTMB","2BHMBA","TMB","","100.000","2.00","BC","","","");
REPLACE INTO class_subject VALUES("5151BHMBASTNWG_2","2BHMBA","NWG_2","","100.000","3.00","ST","","","");
REPLACE INTO class_subject VALUES("5161BHMBAKUD","2BHMBA","D","","100.000","3.00","KU","","","");
REPLACE INTO class_subject VALUES("5171BHMBAPJAINF","2BHMBA","AINF","","100.000","2.00","PJ","","","");
REPLACE INTO class_subject VALUES("5171BHMBAZSAINF","2BHMBA","AINF","","100.000","2.00","ZS","","","");
REPLACE INTO class_subject VALUES("5181BHMBAGRGGP","2BHMBA","GGP","","100.000","2.00","GR","","","");
REPLACE INTO class_subject VALUES("5191BHMBAKOBESP","2BHMBA","BESP","","100.000","2.00","KO","","","");
REPLACE INTO class_subject VALUES("5201BHMBASTAM","2BHMBA","AM","","100.000","3.00","ST","","","");
REPLACE INTO class_subject VALUES("521AHETHAES1","2AHET","ES1","","100.000","2.00","HA","","","");
REPLACE INTO class_subject VALUES("521AHETSOES1","2AHET","ES1","","100.000","2.00","SO","","","");
REPLACE INTO class_subject VALUES("521FSNARFSNMTE","FSNAR","NMTE","","100.000","6.00","FS","","","");
REPLACE INTO class_subject VALUES("5221AHWIM22KRMB-KU","1AHWIM","MB-KU","","100.000","2.00","?","","","");
REPLACE INTO class_subject VALUES("5221AHWIM22ZEMB-KU","1AHWIM","MB-KU","","100.000","2.00","?","","","");
REPLACE INTO class_subject VALUES("5221AHWIMKRMB-KU","2AHWIM","MB-KU","","100.000","2.00","KR","","","");
REPLACE INTO class_subject VALUES("5221AHWIMZEMB-KU","2AHWIM","MB-KU","","100.000","2.00","ZE","","","");
REPLACE INTO class_subject VALUES("5242AFMEKLFTKM_1","3AFME","FTKM_1","","100.000","2.00","KL","","","");
REPLACE INTO class_subject VALUES("525FSNYDRNMTE","FSNY","NMTE","","100.000","2.00","DR","","","");
REPLACE INTO class_subject VALUES("525FSNYPTNMTE","FSNY","NMTE","","100.000","2.00","PT","","","");
REPLACE INTO class_subject VALUES("5274AHWIMGULAB","5AHWIM","LAB","","100.000","4.00","GU","","","");
REPLACE INTO class_subject VALUES("5274AHWIMWKLAB","5AHWIM","LAB","","100.000","4.00","WK","","","");
REPLACE INTO class_subject VALUES("5296AAMEGMFI","6AAME","FI","","50.000","2.00","GM","","","");
REPLACE INTO class_subject VALUES("5296AAMELFFI","6AAME","FI","","50.000","2.00","LF","","","");
REPLACE INTO class_subject VALUES("5296AKMEGMFI","6AKME","FI","","100.000","2.00","GM","","","");
REPLACE INTO class_subject VALUES("5296AKMELFFI","6AKME","FI","","100.000","2.00","LF","","","");
REPLACE INTO class_subject VALUES("5303AFMEBAMSS_1","4AFME","MSS_1","","100.000","2.00","BA","","","");
REPLACE INTO class_subject VALUES("5315AAMEBAKOP","5AAME","KOP","","50.000","3.00","BA","","","");
REPLACE INTO class_subject VALUES("5315AAMEWJKOP","5AAME","KOP","","50.000","3.00","WJ","","","");
REPLACE INTO class_subject VALUES("5315AKMEBAKOP","5AKME","KOP","","100.000","3.00","BA","","","");
REPLACE INTO class_subject VALUES("5315AKMEWJKOP","5AKME","KOP","","100.000","3.00","WJ","","","");
REPLACE INTO class_subject VALUES("5326AAMEBAKOP","6AAME","KOP","","50.000","3.00","BA","","","");
REPLACE INTO class_subject VALUES("5326AAMEWJKOP","6AAME","KOP","","50.000","3.00","WJ","","","");
REPLACE INTO class_subject VALUES("5326AKMEBAKOP","6AKME","KOP","","100.000","3.00","BA","","","");
REPLACE INTO class_subject VALUES("5326AKMEWJKOP","6AKME","KOP","","100.000","3.00","WJ","","","");
REPLACE INTO class_subject VALUES("5342AFMESXITAT_1","3AFME","ITAT_1","","100.000","1.00","SX","","","");
REPLACE INTO class_subject VALUES("534AFMEZEUNF","5AFME","UNF","","100.000","2.00","ZE","","","");
REPLACE INTO class_subject VALUES("5351AHETRURK","2AHET","RK","","100.000","2.00","RU","","","");
REPLACE INTO class_subject VALUES("5373AFMEBAMSSWP_4","4AFME","MSSWP_4","","100.000","2.00","BA","","","");
REPLACE INTO class_subject VALUES("5373AFMEPEMSSWP_4","4AFME","MSSWP_4","","100.000","2.00","PE","","","");
REPLACE INTO class_subject VALUES("5382AHMBASERK","3AHMBA","RK","","100.000","2.00","SE","","","");
REPLACE INTO class_subject VALUES("5392BHWIMNOD","3BHWIM","D","","100.000","2.00","NO","","","");
REPLACE INTO class_subject VALUES("5402AAMEMERK","2AAME","RK","","50.000","1.00","ME","","","");
REPLACE INTO class_subject VALUES("5412BHMBAATD","3BHMBA","D","","100.000","2.00","AT","","","");
REPLACE INTO class_subject VALUES("5422BHMBAKOBESP","3BHMBA","BESP","","100.000","2.00","KO","","","");
REPLACE INTO class_subject VALUES("5432BHMBAEBAM","3BHMBA","AM","","100.000","3.00","EB","","","");
REPLACE INTO class_subject VALUES("5442BHMBABNAINF","3BHMBA","AINF","","100.000","2.00","BN","","","");
REPLACE INTO class_subject VALUES("5442BHMBAZSAINF","3BHMBA","AINF","","100.000","2.00","ZS","","","");
REPLACE INTO class_subject VALUES("5452BHMBABCTMB","3BHMBA","TMB","","100.000","3.00","BC","","","");
REPLACE INTO class_subject VALUES("5462BHMBAKGFET1_1","3BHMBA","FET1_1","","100.000","2.00","KG","","","");
REPLACE INTO class_subject VALUES("5472BHMBAFOETE","3BHMBA","ETE","","100.000","2.00","FO","","","");
REPLACE INTO class_subject VALUES("5482BHMBARTKOP","3BHMBA","KOP","","100.000","3.00","RT","","","");
REPLACE INTO class_subject VALUES("5482BHMBATOKOP","3BHMBA","KOP","","100.000","3.00","TO","","","");
REPLACE INTO class_subject VALUES("5492BHMBAEBORD","3BHMBA","ORD","","100.000","1.00","EB","","","");
REPLACE INTO class_subject VALUES("5502BHMBAGSGGP","3BHMBA","GGP","","100.000","2.00","GS","","","");
REPLACE INTO class_subject VALUES("5512BHMBASAKOPM","3BHMBA","KOPM","","100.000","3.00","SA","","","");
REPLACE INTO class_subject VALUES("5522BHMBAMVNWG_2","3BHMBA","NWG_2","","100.000","2.00","MV","","","");
REPLACE INTO class_subject VALUES("5532BHMBASERK","3BHMBA","RK","","100.000","2.00","SE","","","");
REPLACE INTO class_subject VALUES("5543AHMBANRE1","4AHMBA","E1","","100.000","2.00","NR","","","");
REPLACE INTO class_subject VALUES("5543AHMBARIE1","4AHMBA","E1","","100.000","2.00","RI","","","");
REPLACE INTO class_subject VALUES("5543AHMBASME1","4AHMBA","E1","","100.000","2.00","SM","","","");
REPLACE INTO class_subject VALUES("5543BHMBANRE1","4BHMBA","E1","","100.000","2.00","NR","","","");
REPLACE INTO class_subject VALUES("5543BHMBARIE1","4BHMBA","E1","","100.000","2.00","RI","","","");
REPLACE INTO class_subject VALUES("5543BHMBASME1","4BHMBA","E1","","100.000","2.00","SM","","","");
REPLACE INTO class_subject VALUES("55AAMEBAWPT_3","5AAME","WPT_3","","50.000","4.00","BA","","","");
REPLACE INTO class_subject VALUES("55AAMEDRWPT_3","5AAME","WPT_3","","50.000","4.00","DR","","","");
REPLACE INTO class_subject VALUES("55AAMEHOWPT_3","5AAME","WPT_3","","50.000","4.00","HO","","","");
REPLACE INTO class_subject VALUES("55AKMEBAWPT_3","5AKME","WPT_3","","100.000","4.00","BA","","","");
REPLACE INTO class_subject VALUES("55AKMEDRWPT_3","5AKME","WPT_3","","100.000","4.00","DR","","","");
REPLACE INTO class_subject VALUES("55AKMEHOWPT_3","5AKME","WPT_3","","100.000","4.00","HO","","","");
REPLACE INTO class_subject VALUES("562AHMBATOKOP","3AHMBA","KOP","","100.000","3.00","TO","","","");
REPLACE INTO class_subject VALUES("562AHMBAWJKOP","3AHMBA","KOP","","100.000","3.00","WJ","","","");
REPLACE INTO class_subject VALUES("5691AHMBAROKOP","2AHMBA","KOP","","100.000","1.00","RO","","","");
REPLACE INTO class_subject VALUES("5721AHITRIE1","2AHIT","E1","","100.000","2.00","RI","","","");
REPLACE INTO class_subject VALUES("5721AHITRIE1-22N","1AHIT","E1","","100.000","2.00","?","","","");
REPLACE INTO class_subject VALUES("5721AHITSME1","2AHIT","E1","","100.000","2.00","SM","","","");
REPLACE INTO class_subject VALUES("5721AHITSME1-22N","1AHIT","E1","","100.000","2.00","?","","","");
REPLACE INTO class_subject VALUES("5731AHITSRGGP","2AHIT","GGP","","100.000","2.00","SR","","","");
REPLACE INTO class_subject VALUES("5731AHITSRGGP-22N","1AHIT","GGP","","100.000","2.00","?","","","");
REPLACE INTO class_subject VALUES("5741AHITGSBESP","2AHIT","BESP","","100.000","2.00","GS","","","");
REPLACE INTO class_subject VALUES("5741AHITGSBESP-22N","1AHIT","BESP","","100.000","2.00","?","","","");
REPLACE INTO class_subject VALUES("5751AHITEBAM","2AHIT","AM","","100.000","4.00","EB","","","");
REPLACE INTO class_subject VALUES("5751AHITEBAM-22N","1AHIT","AM","","100.000","4.00","?","","","");
REPLACE INTO class_subject VALUES("5751AHITIKAM","2AHIT","AM","","100.000","4.00","IK","","","");
REPLACE INTO class_subject VALUES("5751AHITIKAM-22N","1AHIT","AM","","100.000","4.00","?","","","");
REPLACE INTO class_subject VALUES("5761AHITALSEW","2AHIT","SEW","","100.000","1.00","AL","","","");
REPLACE INTO class_subject VALUES("5761AHITALSEW-22N","1AHIT","SEW","","100.000","1.00","?","","","");
REPLACE INTO class_subject VALUES("5771AHITMMMEDT","2AHIT","MEDT","","110.000","2.00","MM","","","");
REPLACE INTO class_subject VALUES("5771AHITMMMEDT-22N","1AHIT","MEDT","","100.000","2.00","?","","","");
REPLACE INTO class_subject VALUES("5771AHITZSMEDT","2AHIT","MEDT","","100.000","2.00","ZS","","","");
REPLACE INTO class_subject VALUES("5771AHITZSMEDT-22N","1AHIT","MEDT","","100.000","2.00","?","","","");
REPLACE INTO class_subject VALUES("5781AHITSZNWT1","2AHIT","NWT1","","100.000","2.00","SZ","","","");
REPLACE INTO class_subject VALUES("5781AHITSZNWT1-22N","1AHIT","NWT1","","100.000","2.00","?","","","");
REPLACE INTO class_subject VALUES("5791AHITGSSOPK","2AHIT","SOPK","","100.000","2.00","GS","","","");
REPLACE INTO class_subject VALUES("5791AHITGSSOPK-22N","1AHIT","SOPK","","100.000","2.00","?","","","");
REPLACE INTO class_subject VALUES("5791AHITRUSOPK","2AHIT","SOPK","","100.000","2.00","RU","","","");
REPLACE INTO class_subject VALUES("5791AHITRUSOPK-22N","1AHIT","SOPK","","100.000","2.00","?","","","");
REPLACE INTO class_subject VALUES("5801AHITGSORD","2AHIT","ORD","","100.000","1.00","GS","","","");
REPLACE INTO class_subject VALUES("5801AHITGSORD-22N","1AHIT","ORD","","100.000","1.00","?","","","");
REPLACE INTO class_subject VALUES("5811AHITALSEW","2AHIT","SEW","","100.000","2.00","AL","","","");
REPLACE INTO class_subject VALUES("5811AHITALSEW-22N","1AHIT","SEW","","100.000","2.00","?","","","");
REPLACE INTO class_subject VALUES("5811AHITGMSEW","2AHIT","SEW","","100.000","2.00","GM","","","");
REPLACE INTO class_subject VALUES("5811AHITGMSEW-22N","1AHIT","SEW","","100.000","2.00","?","","","");
REPLACE INTO class_subject VALUES("581AFMEHOFTKM_1","2AFME","FTKM_1","","100.000","2.00","HO","","","");
REPLACE INTO class_subject VALUES("5821AFMEKOBESP","2AFME","BESP","","100.000","2.00","KO","","","");
REPLACE INTO class_subject VALUES("5821AFMESLBESP","2AFME","BESP","","100.000","2.00","SL","","","");
REPLACE INTO class_subject VALUES("5821AFMESRBESP","2AFME","BESP","","100.000","2.00","SR","","","");
REPLACE INTO class_subject VALUES("5821BHWIM22KOBESP","1BHWIM","BESP","","100.000","2.00","?","","","");
REPLACE INTO class_subject VALUES("5821BHWIM22SLBESP","1BHWIM","BESP","","100.000","2.00","?","","","");
REPLACE INTO class_subject VALUES("5821BHWIM22SRBESP","1BHWIM","BESP","","100.000","2.00","?","","","");
REPLACE INTO class_subject VALUES("5821BHWIMKOBESP","2BHWIM","BESP","","100.000","2.00","KO","","","");
REPLACE INTO class_subject VALUES("5821BHWIMSLBESP","2BHWIM","BESP","","100.000","2.00","SL","","","");
REPLACE INTO class_subject VALUES("5821BHWIMSRBESP","2BHWIM","BESP","","100.000","2.00","SR","","","");
REPLACE INTO class_subject VALUES("5844AFMESRBESP","5AFME","BESP","","100.000","2.00","SR","","","");
REPLACE INTO class_subject VALUES("5854AFMEBAMSS_1","5AFME","MSS_1","","100.000","2.00","BA","","","");
REPLACE INTO class_subject VALUES("5864AFMESNFTKM_1","5AFME","FTKM_1","","100.000","2.00","SN","","","");
REPLACE INTO class_subject VALUES("5884AFMEDRETE","5AFME","ETE","","100.000","3.00","DR","","","");
REPLACE INTO class_subject VALUES("5894AFMESBITAT_1","5AFME","ITAT_1","","100.000","3.00","SB","","","");
REPLACE INTO class_subject VALUES("5904AFMEDRORD","5AFME","ORD","","100.000","1.00","DR","","","");
REPLACE INTO class_subject VALUES("5924AHETSMVKUP","5AHETS","KUP","","100.000","1.00","MV","","","");
REPLACE INTO class_subject VALUES("5944AAMEKUD","4AAME","D","","50.000","2.00","KU","","","");
REPLACE INTO class_subject VALUES("5954AAMEBUE1","4AAME","E1","","50.000","2.00","BU","","","");
REPLACE INTO class_subject VALUES("5964AAMESTAM","4AAME","AM","","50.000","5.00","ST","","","");
REPLACE INTO class_subject VALUES("5984AAMEHBWIR_3","4AAME","WIR_3","","50.000","2.00","HB","","","");
REPLACE INTO class_subject VALUES("5984AKMEHBWIR_3","4AKME","WIR_3","","100.000","2.00","HB","","","");
REPLACE INTO class_subject VALUES("5994AAMEWGMTSA","4AAME","MTSA","","50.000","2.00","WG","","","");
REPLACE INTO class_subject VALUES("5994AKMEWGMTSA","4AKME","MTSA","","100.000","2.00","WG","","","");
REPLACE INTO class_subject VALUES("6004AAMEWGFI","4AAME","FI","","50.000","3.00","WG","","","");
REPLACE INTO class_subject VALUES("6004AKMEWGFI","4AKME","FI","","100.000","3.00","WG","","","");
REPLACE INTO class_subject VALUES("6014AAMEWMKOP","4AAME","KOP","","50.000","4.00","WM","","","");
REPLACE INTO class_subject VALUES("6014AKMEWMKOP","4AKME","KOP","","100.000","4.00","WM","","","");
REPLACE INTO class_subject VALUES("6024AAMEGUMEEM","4AAME","MEEM","","50.000","6.00","GU","","","");
REPLACE INTO class_subject VALUES("6024AKMEGUMEEM","4AKME","MEEM","","100.000","6.00","GU","","","");
REPLACE INTO class_subject VALUES("6034AAMEBRFTBT","4AAME","FTBT","","50.000","4.00","BR","","","");
REPLACE INTO class_subject VALUES("6034AKMEBRFTBT","4AKME","FTBT","","100.000","4.00","BR","","","");
REPLACE INTO class_subject VALUES("603AAMESBLAB","3AAME","LAB","","50.000","4.00","SB","","","");
REPLACE INTO class_subject VALUES("603AKMESBLAB","3AKME","LAB","","100.000","4.00","SB","","","");
REPLACE INTO class_subject VALUES("6044AAMEFOETE","4AAME","ETE","","50.000","4.00","FO","","","");
REPLACE INTO class_subject VALUES("6044AKMEFOETE","4AKME","ETE","","100.000","4.00","FO","","","");
REPLACE INTO class_subject VALUES("6062AFMEGSFB2","3AFME","FB2","","100.000","6.00","GS","","","");
REPLACE INTO class_subject VALUES("6073AFMESDETE","4AFME","ETE","","100.000","1.00","SD","","","");
REPLACE INTO class_subject VALUES("6083AFMEGSFB2","4AFME","FB2","","100.000","2.00","GS","","","");
REPLACE INTO class_subject VALUES("6094AHMBARAKOP","5AHMBA","KOP","","100.000","4.00","RA","","","");
REPLACE INTO class_subject VALUES("6094AHMBARDKOP","5AHMBA","KOP","","100.000","4.00","RD","","","");
REPLACE INTO class_subject VALUES("6151AHETSLNWG_2","1AHET","NWG_2","","100.000","3.00","?","","","");
REPLACE INTO class_subject VALUES("61GMNDVA","","NDVA","","100.000","1.00","GM","","","");
REPLACE INTO class_subject VALUES("623AFMEBDAM","4AFME","AM","","100.000","2.00","BD","","","");
REPLACE INTO class_subject VALUES("6251AHMBAFNWPT_4","2AHMBA","WPT_4","","100.000","4.00","FN","","","");
REPLACE INTO class_subject VALUES("6251AHMBAGNWPT_4","2AHMBA","WPT_4","","100.000","4.00","GN","","","");
REPLACE INTO class_subject VALUES("6251AHMBATBWPT_4","2AHMBA","WPT_4","","100.000","4.00","TB","","","");
REPLACE INTO class_subject VALUES("6271BHMBAFNWPT_4","2BHMBA","WPT_4","","100.000","4.00","FN","","","");
REPLACE INTO class_subject VALUES("6271BHMBAGNWPT_4","2BHMBA","WPT_4","","100.000","4.00","GN","","","");
REPLACE INTO class_subject VALUES("6271BHMBAHDWPT_4","2BHMBA","WPT_4","","100.000","4.00","HD","","","");
REPLACE INTO class_subject VALUES("6281BHMBAGNWPT_4","2BHMBA","WPT_4","","100.000","4.00","GN","","","");
REPLACE INTO class_subject VALUES("6281BHMBAPTWPT_4","2BHMBA","WPT_4","","100.000","4.00","PT","","","");
REPLACE INTO class_subject VALUES("6281BHMBATBWPT_4","2BHMBA","WPT_4","","100.000","4.00","TB","","","");
REPLACE INTO class_subject VALUES("6302AHMBAPEWPT_4","3AHMBA","WPT_4","","100.000","4.00","PE","","","");
REPLACE INTO class_subject VALUES("6302AHMBAPTWPT_4","3AHMBA","WPT_4","","100.000","4.00","PT","","","");
REPLACE INTO class_subject VALUES("6302AHMBASNWPT_4","3AHMBA","WPT_4","","100.000","4.00","SN","","","");
REPLACE INTO class_subject VALUES("6312BHMBAFNWPT_4","3BHMBA","WPT_4","","100.000","4.00","FN","","","");
REPLACE INTO class_subject VALUES("6312BHMBAHDWPT_4","3BHMBA","WPT_4","","100.000","4.00","HD","","","");
REPLACE INTO class_subject VALUES("6312BHMBAKIWPT_4","3BHMBA","WPT_4","","100.000","4.00","KI","","","");
REPLACE INTO class_subject VALUES("6322BHMBAGNWPT_4","3BHMBA","WPT_4","","100.000","4.00","GN","","","");
REPLACE INTO class_subject VALUES("6322BHMBASNWPT_4","3BHMBA","WPT_4","","100.000","4.00","SN","","","");
REPLACE INTO class_subject VALUES("6322BHMBATBWPT_4","3BHMBA","WPT_4","","100.000","4.00","TB","","","");
REPLACE INTO class_subject VALUES("6333AHMBAHOWPT_4","4AHMBA","WPT_4","","100.000","4.00","HO","","","");
REPLACE INTO class_subject VALUES("6333AHMBAPEWPT_4","4AHMBA","WPT_4","","100.000","4.00","PE","","","");
REPLACE INTO class_subject VALUES("6333AHMBASWWPT_4","4AHMBA","WPT_4","","100.000","4.00","SW","","","");
REPLACE INTO class_subject VALUES("633AHETSSRGGP","4AHETS","GGP","","100.000","2.00","SR","","","");
REPLACE INTO class_subject VALUES("6343BHMBASWWPT_4","4BHMBA","WPT_4","","100.000","4.00","SW","","","");
REPLACE INTO class_subject VALUES("6343BHMBAZEWPT_4","4BHMBA","WPT_4","","100.000","4.00","ZE","","","");
REPLACE INTO class_subject VALUES("6354AHMBABAWPT_3","5AHMBA","WPT_3","","100.000","3.00","BA","","","");
REPLACE INTO class_subject VALUES("6354AHMBAPEWPT_3","5AHMBA","WPT_3","","100.000","3.00","PE","","","");
REPLACE INTO class_subject VALUES("6354AHMBASBWPT_3","5AHMBA","WPT_3","","100.000","3.00","SB","","","");
REPLACE INTO class_subject VALUES("6354AHMBASWWPT_3","5AHMBA","WPT_3","","100.000","3.00","SW","","","");
REPLACE INTO class_subject VALUES("6354AHMBAZEWPT_3","5AHMBA","WPT_3","","100.000","3.00","ZE","","","");
REPLACE INTO class_subject VALUES("6354BHMBABAWPT_3","5BHMBA","WPT_3","","100.000","3.00","BA","","","");
REPLACE INTO class_subject VALUES("6354BHMBAPEWPT_3","5BHMBA","WPT_3","","100.000","3.00","PE","","","");
REPLACE INTO class_subject VALUES("6354BHMBASBWPT_3","5BHMBA","WPT_3","","100.000","3.00","SB","","","");
REPLACE INTO class_subject VALUES("6354BHMBASWWPT_3","5BHMBA","WPT_3","","100.000","3.00","SW","","","");
REPLACE INTO class_subject VALUES("6354BHMBAZEWPT_3","5BHMBA","WPT_3","","100.000","3.00","ZE","","","");
REPLACE INTO class_subject VALUES("6383AHETSDRWPT_4","4AHETS","WPT_4","","100.000","3.00","DR","","","");
REPLACE INTO class_subject VALUES("6383AHETSFAWPT_4","4AHETS","WPT_4","","100.000","3.00","FA","","","");
REPLACE INTO class_subject VALUES("6383AHETSSDWPT_4","4AHETS","WPT_4","","100.000","3.00","SD","","","");
REPLACE INTO class_subject VALUES("6393AHETSBAWPT_4","4AHETS","WPT_4","","100.000","4.00","BA","","","");
REPLACE INTO class_subject VALUES("6393AHETSJKWPT_4","4AHETS","WPT_4","","100.000","4.00","JK","","","");
REPLACE INTO class_subject VALUES("6393AHETSSBWPT_4","4AHETS","WPT_4","","100.000","4.00","SB","","","");
REPLACE INTO class_subject VALUES("6404AHETSBAWPT_3","5AHETS","WPT_3","","100.000","3.00","BA","","","");
REPLACE INTO class_subject VALUES("6404AHETSSOWPT_3","5AHETS","WPT_3","","100.000","3.00","SO","","","");
REPLACE INTO class_subject VALUES("6442AHWIMJKWPT_4","3AHWIM","WPT_4","","100.000","5.00","JK","","","");
REPLACE INTO class_subject VALUES("6442AHWIMPTWPT_4","3AHWIM","WPT_4","","100.000","5.00","PT","","","");
REPLACE INTO class_subject VALUES("6442AHWIMSNWPT_4","3AHWIM","WPT_4","","100.000","5.00","SN","","","");
REPLACE INTO class_subject VALUES("6442AHWIMSXWPT_4","3AHWIM","WPT_4","","100.000","5.00","SX","","","");
REPLACE INTO class_subject VALUES("6463AHWIMFAWPT_4","4AHWIM","WPT_4","","100.000","4.00","FA","","","");
REPLACE INTO class_subject VALUES("6463AHWIMTBWPT_4","4AHWIM","WPT_4","","100.000","4.00","TB","","","");
REPLACE INTO class_subject VALUES("6463AHWIMWMWPT_4","4AHWIM","WPT_4","","100.000","4.00","WM","","","");
REPLACE INTO class_subject VALUES("6484AHWIMHOWPT_3","5AHWIM","WPT_3","","100.000","4.00","HO","","","");
REPLACE INTO class_subject VALUES("6484AHWIMPEWPT_3","5AHWIM","WPT_3","","100.000","4.00","PE","","","");
REPLACE INTO class_subject VALUES("6484AHWIMSDWPT_3","5AHWIM","WPT_3","","100.000","4.00","SD","","","");
REPLACE INTO class_subject VALUES("6484AHWIMWMWPT_3","5AHWIM","WPT_3","","100.000","4.00","WM","","","");
REPLACE INTO class_subject VALUES("6484BHWIMHOWPT_3","5BHWIM","WPT_3","","100.000","4.00","HO","","","");
REPLACE INTO class_subject VALUES("6484BHWIMPEWPT_3","5BHWIM","WPT_3","","100.000","4.00","PE","","","");
REPLACE INTO class_subject VALUES("6484BHWIMSDWPT_3","5BHWIM","WPT_3","","100.000","4.00","SD","","","");
REPLACE INTO class_subject VALUES("6484BHWIMWMWPT_3","5BHWIM","WPT_3","","100.000","4.00","WM","","","");
REPLACE INTO class_subject VALUES("64AHMBAEGLAB","5AHMBA","LAB","","100.000","3.00","EG","","","");
REPLACE INTO class_subject VALUES("64AHMBAKLLAB","5AHMBA","LAB","","100.000","3.00","KL","","","");
REPLACE INTO class_subject VALUES("64AHMBASBLAB","5AHMBA","LAB","","100.000","3.00","SB","","","");
REPLACE INTO class_subject VALUES("64BHMBAEGLAB","5BHMBA","LAB","","100.000","3.00","EG","","","");
REPLACE INTO class_subject VALUES("64BHMBAKLLAB","5BHMBA","LAB","","100.000","3.00","KL","","","");
REPLACE INTO class_subject VALUES("64BHMBASBLAB","5BHMBA","LAB","","100.000","3.00","SB","","","");
REPLACE INTO class_subject VALUES("651AHETSLNWG_2","2AHET","NWG_2","","100.000","3.00","SL","","","");
REPLACE INTO class_subject VALUES("6521AFMEHDFTKMWP_4","2AFME","FTKMWP_4","","100.000","4.00","HD","","","");
REPLACE INTO class_subject VALUES("6521AFMEKLFTKMWP_4","2AFME","FTKMWP_4","","100.000","4.00","KL","","","");
REPLACE INTO class_subject VALUES("6521AFMEPTFTKMWP_4","2AFME","FTKMWP_4","","100.000","4.00","PT","","","");
REPLACE INTO class_subject VALUES("6521AFMESNFTKMWP_4","2AFME","FTKMWP_4","","100.000","4.00","SN","","","");
REPLACE INTO class_subject VALUES("6531AFMEFAETEWP_4","2AFME","ETEWP_4","","100.000","6.00","FA","","","");
REPLACE INTO class_subject VALUES("6531AFMEFKETEWP_4","2AFME","ETEWP_4","","100.000","6.00","FK","","","");
REPLACE INTO class_subject VALUES("6531AFMESBITATWP_4","2AFME","ITATWP_4","","100.000","6.00","SB","","","");
REPLACE INTO class_subject VALUES("6531AFMESDITATWP_4","2AFME","ITATWP_4","","100.000","6.00","SD","","","");
REPLACE INTO class_subject VALUES("6542AFMEDRETEWP_4","3AFME","ETEWP_4","","100.000","4.00","DR","","","");
REPLACE INTO class_subject VALUES("6542AFMEFAETEWP_4","3AFME","ETEWP_4","","100.000","4.00","FA","","","");
REPLACE INTO class_subject VALUES("6542AFMEJKETEWP_4","3AFME","ETEWP_4","","100.000","4.00","JK","","","");
REPLACE INTO class_subject VALUES("6552AFMEFKITATWP_4","3AFME","ITATWP_4","","100.000","4.00","FK","","","");
REPLACE INTO class_subject VALUES("6552AFMEKIETEWP_3","3AFME","ETEWP_3","","100.000","4.00","KI","","","");
REPLACE INTO class_subject VALUES("6552AFMESBITATWP_4","3AFME","ITATWP_4","","100.000","4.00","SB","","","");
REPLACE INTO class_subject VALUES("6562AFMEGNFTKMWP_3","3AFME","FTKMWP_3","","100.000","4.00","GN","","","");
REPLACE INTO class_subject VALUES("6562AFMEKLFTKMWP_4","3AFME","FTKMWP_4","","100.000","4.00","KL","","","");
REPLACE INTO class_subject VALUES("6562AFMEZEFTKMWP_4","3AFME","FTKMWP_4","","100.000","4.00","ZE","","","");
REPLACE INTO class_subject VALUES("658HOSICH","","SICH","","100.000","1.00","HO","","","");
REPLACE INTO class_subject VALUES("6591AFMEKIORD","2AFME","ORD","","100.000","1.00","KI","","","");
REPLACE INTO class_subject VALUES("6613BHMBABCTMB","4BHMBA","TMB","","100.000","3.00","BC","","","");
REPLACE INTO class_subject VALUES("6623BHMBATOETE","4BHMBA","ETE","","100.000","2.00","TO","","","");
REPLACE INTO class_subject VALUES("6633BHMBAMERK","4BHMBA","RK","","100.000","2.00","ME","","","");
REPLACE INTO class_subject VALUES("663AHETSKBD","4AHETS","D","","100.000","2.00","KB","","","");
REPLACE INTO class_subject VALUES("6643BHMBARTFET1_1","4BHMBA","FET1_1","","100.000","2.00","RT","","","");
REPLACE INTO class_subject VALUES("6653BHMBABCAUT","4BHMBA","AUT","","100.000","2.00","BC","","","");
REPLACE INTO class_subject VALUES("6663BHMBAMEORD","4BHMBA","ORD","","100.000","1.00","ME","","","");
REPLACE INTO class_subject VALUES("6673BHMBAWID","4BHMBA","D","","100.000","2.00","WI","","","");
REPLACE INTO class_subject VALUES("6683BHMBAKOBESP","4BHMBA","BESP","","100.000","2.00","KO","","","");
REPLACE INTO class_subject VALUES("6693BHMBABUNWG_2","4BHMBA","NWG_2","","100.000","2.00","BU","","","");
REPLACE INTO class_subject VALUES("6703BHMBABCIFT","4BHMBA","IFT","","100.000","2.00","BC","","","");
REPLACE INTO class_subject VALUES("6713BHMBAGRGGP","4BHMBA","GGP","","100.000","2.00","GR","","","");
REPLACE INTO class_subject VALUES("6723BHMBAKRKOPM","4BHMBA","KOPM","","100.000","2.00","KR","","","");
REPLACE INTO class_subject VALUES("6733BHMBARDKOP","4BHMBA","KOP","","100.000","3.00","RD","","","");
REPLACE INTO class_subject VALUES("6733BHMBATOKOP","4BHMBA","KOP","","100.000","3.00","TO","","","");
REPLACE INTO class_subject VALUES("673AHETSWGAUT","4AHETS","AUT","","100.000","2.00","WG","","","");
REPLACE INTO class_subject VALUES("6743BHMBABDAM","4BHMBA","AM","","100.000","3.00","BD","","","");
REPLACE INTO class_subject VALUES("6753BHMBAFNWPT_4","4BHMBA","WPT_4","","100.000","4.00","FN","","","");
REPLACE INTO class_subject VALUES("6753BHMBAPEWPT_4","4BHMBA","WPT_4","","100.000","4.00","PE","","","");
REPLACE INTO class_subject VALUES("6753BHMBASWWPT_4","4BHMBA","WPT_4","","100.000","4.00","SW","","","");
REPLACE INTO class_subject VALUES("6763AHMBAFSWPT_4","4AHMBA","WPT_4","","100.000","4.00","FS","","","");
REPLACE INTO class_subject VALUES("6763AHMBAPTWPT_4","4AHMBA","WPT_4","","100.000","4.00","PT","","","");
REPLACE INTO class_subject VALUES("681AFMESTAM","2AFME","AM","","100.000","2.00","ST","","","");
REPLACE INTO class_subject VALUES("694AHWIMNOE1","5AHWIM","E1","","100.000","2.00","NO","","","");
REPLACE INTO class_subject VALUES("694AHWIMRIE1","5AHWIM","E1","","100.000","2.00","RI","","","");
REPLACE INTO class_subject VALUES("694AHWIMZDE1","5AHWIM","E1","","100.000","2.00","ZD","","","");
REPLACE INTO class_subject VALUES("694BHWIMNOE1","5BHWIM","E1","","100.000","2.00","NO","","","");
REPLACE INTO class_subject VALUES("694BHWIMRIE1","5BHWIM","E1","","100.000","2.00","RI","","","");
REPLACE INTO class_subject VALUES("694BHWIMZDE1","5BHWIM","E1","","100.000","2.00","ZD","","","");
REPLACE INTO class_subject VALUES("701BHWIM22ZEORD","1BHWIM","ORD","","100.000","1.00","?","","","");
REPLACE INTO class_subject VALUES("701BHWIMZEORD","2BHWIM","ORD","","100.000","1.00","ZE","","","");
REPLACE INTO class_subject VALUES("7062AHITWID","3AHIT","D","","100.000","2.00","WI","","","");
REPLACE INTO class_subject VALUES("7072AHITNRE1","3AHIT","E1","","100.000","2.00","NR","","","");
REPLACE INTO class_subject VALUES("7072AHITSME1","3AHIT","E1","","100.000","2.00","SM","","","");
REPLACE INTO class_subject VALUES("7082AHITZDGGP","3AHIT","GGP","","100.000","2.00","ZD","","","");
REPLACE INTO class_subject VALUES("7092AHITSLBESP","3AHIT","BESP","","100.000","2.00","SL","","","");
REPLACE INTO class_subject VALUES("7102AHITSHAM","3AHIT","AM","","100.000","3.00","SH","","","");
REPLACE INTO class_subject VALUES("7112AHITMVNW2","3AHIT","NW2","","100.000","2.00","MV","","","");
REPLACE INTO class_subject VALUES("7122AHITBNSEW","3AHIT","SEW","","100.000","1.00","BN","","","");
REPLACE INTO class_subject VALUES("7132AHITALSEW","3AHIT","SEW","","100.000","2.00","AL","","","");
REPLACE INTO class_subject VALUES("7132AHITBNSEW","3AHIT","SEW","","100.000","2.00","BN","","","");
REPLACE INTO class_subject VALUES("714BHWIMNOUFW_1","5BHWIM","UFW_1","","100.000","1.00","NO","","","");
REPLACE INTO class_subject VALUES("7152AHITALSYT","3AHIT","SYT","","100.000","2.00","AL","","","");
REPLACE INTO class_subject VALUES("7152AHITGMSYT","3AHIT","SYT","","100.000","2.00","GM","","","");
REPLACE INTO class_subject VALUES("71561AHETKBETH","1AHET","ETH","","100.000","2.00","?","","","");
REPLACE INTO class_subject VALUES("7162AHITSCSYT","3AHIT","SYT","","100.000","2.00","SC","","","");
REPLACE INTO class_subject VALUES("71651AHETHDWPT_4","1AHET","WPT_4","","100.000","4.00","?","","","");
REPLACE INTO class_subject VALUES("71651AHETKIWPT_4","1AHET","WPT_4","","100.000","4.00","?","","","");
REPLACE INTO class_subject VALUES("71651AHETSWWPT_4","1AHET","WPT_4","","100.000","4.00","?","","","");
REPLACE INTO class_subject VALUES("71651AHETTBWPT_4","1AHET","WPT_4","","100.000","4.00","?","","","");
REPLACE INTO class_subject VALUES("71661AHETFAWPT_4","1AHET","WPT_4","","100.000","4.00","?","","","");
REPLACE INTO class_subject VALUES("71661AHETFKWPT_4","1AHET","WPT_4","","100.000","4.00","?","","","");
REPLACE INTO class_subject VALUES("71661AHETHEWPT_4","1AHET","WPT_4","","100.000","4.00","?","","","");
REPLACE INTO class_subject VALUES("71661AHETKIWPT_4","1AHET","WPT_4","","100.000","4.00","?","","","");
REPLACE INTO class_subject VALUES("7172AHITPJMEDT","3AHIT","MEDT","","100.000","2.00","PJ","","","");
REPLACE INTO class_subject VALUES("7172AHITZSMEDT","3AHIT","MEDT","","100.000","2.00","ZS","","","");
REPLACE INTO class_subject VALUES("7212AHITSZNWT1","3AHIT","NWT1","","100.000","1.00","SZ","","","");
REPLACE INTO class_subject VALUES("7222AHITGAITSI_1","3AHIT","ITSI_1","","100.000","2.00","GA","","","");
REPLACE INTO class_subject VALUES("7222AHITSZNWT1","3AHIT","NWT1","","100.000","2.00","SZ","","","");
REPLACE INTO class_subject VALUES("7242AHITFKCOPR","3AHIT","COPR","","100.000","4.00","FK","","","");
REPLACE INTO class_subject VALUES("7242AHITJKCOPR","3AHIT","COPR","","100.000","4.00","JK","","","");
REPLACE INTO class_subject VALUES("7242AHITSXCOPR","3AHIT","COPR","","100.000","4.00","SX","","","");
REPLACE INTO class_subject VALUES("7264AFMEFAITATWP_4","5AFME","ITATWP_4","","100.000","4.00","FA","","","");
REPLACE INTO class_subject VALUES("7264AFMEHEETEWP_4","5AFME","ETEWP_4","","100.000","4.00","HE","","","");
REPLACE INTO class_subject VALUES("7342AFMEDRETE","3AFME","ETE","","100.000","1.00","DR","","","");
REPLACE INTO class_subject VALUES("734AHWIMBRINFI","5AHWIM","INFI","","100.000","2.00","BR","","","");
REPLACE INTO class_subject VALUES("734AHWIMKJINFI","5AHWIM","INFI","","100.000","2.00","KJ","","","");
REPLACE INTO class_subject VALUES("7352AFMEKIETE","3AFME","ETE","","100.000","1.00","KI","","","");
REPLACE INTO class_subject VALUES("7382AFMEKOBESP","3AFME","BESP","","100.000","2.00","KO","","","");
REPLACE INTO class_subject VALUES("7382AFMESLBESP","3AFME","BESP","","100.000","2.00","SL","","","");
REPLACE INTO class_subject VALUES("7382AFMESRBESP","3AFME","BESP","","100.000","2.00","SR","","","");
REPLACE INTO class_subject VALUES("7382BHWIMKOBESP","3BHWIM","BESP","","100.000","2.00","KO","","","");
REPLACE INTO class_subject VALUES("7382BHWIMSLBESP","3BHWIM","BESP","","100.000","2.00","SL","","","");
REPLACE INTO class_subject VALUES("7382BHWIMSRBESP","3BHWIM","BESP","","100.000","2.00","SR","","","");
REPLACE INTO class_subject VALUES("7405AAMEWGMTSA","5AAME","MTSA","","50.000","3.00","WG","","","");
REPLACE INTO class_subject VALUES("7405AKMEWGMTSA","5AKME","MTSA","","100.000","3.00","WG","","","");
REPLACE INTO class_subject VALUES("7426AAMEWGMTSA","6AAME","MTSA","","50.000","3.00","WG","","","");
REPLACE INTO class_subject VALUES("7426AKMEWGMTSA","6AKME","MTSA","","100.000","3.00","WG","","","");
REPLACE INTO class_subject VALUES("744AAMEFOETE","4AAME","ETE","","50.000","2.00","FO","","","");
REPLACE INTO class_subject VALUES("744AAMESCETE","4AAME","ETE","","50.000","2.00","SC","","","");
REPLACE INTO class_subject VALUES("744AKMEFOETE","4AKME","ETE","","100.000","2.00","FO","","","");
REPLACE INTO class_subject VALUES("744AKMESCETE","4AKME","ETE","","100.000","2.00","SC","","","");
REPLACE INTO class_subject VALUES("7552AHITSLORD","3AHIT","ORD","","100.000","1.00","SL","","","");
REPLACE INTO class_subject VALUES("7561AFMEKBETH","2AFME","ETH","","100.000","2.00","KB","","","");
REPLACE INTO class_subject VALUES("7561AHETKBETH","2AHET","ETH","","100.000","2.00","KB","","","");
REPLACE INTO class_subject VALUES("7561AHITKBETH","2AHIT","ETH","","100.000","2.00","KB","","","");
REPLACE INTO class_subject VALUES("7561AHITKBETH-22N","1AHIT","ETH","","100.000","2.00","?","","","");
REPLACE INTO class_subject VALUES("7561AHMBAKBETH","2AHMBA","ETH","","100.000","2.00","KB","","","");
REPLACE INTO class_subject VALUES("7561AHWIM22KBETH","1AHWIM","ETH","","100.000","2.00","?","","","");
REPLACE INTO class_subject VALUES("7561AHWIMKBETH","2AHWIM","ETH","","100.000","2.00","KB","","","");
REPLACE INTO class_subject VALUES("7561BHMBAKBETH","2BHMBA","ETH","","100.000","2.00","KB","","","");
REPLACE INTO class_subject VALUES("7561BHWIM22KBETH","1BHWIM","ETH","","100.000","2.00","?","","","");
REPLACE INTO class_subject VALUES("7561BHWIMKBETH","2BHWIM","ETH","","100.000","2.00","KB","","","");
REPLACE INTO class_subject VALUES("7581AHITDRCOPR","2AHIT","COPR","","100.000","4.00","DR","","","");
REPLACE INTO class_subject VALUES("7581AHITDRCOPR-22N","1AHIT","COPR","","100.000","4.00","?","","","");
REPLACE INTO class_subject VALUES("7581AHITFACOPR","2AHIT","COPR","","100.000","4.00","FA","","","");
REPLACE INTO class_subject VALUES("7581AHITFACOPR-22N","1AHIT","COPR","","100.000","4.00","?","","","");
REPLACE INTO class_subject VALUES("7581AHITFKCOPR","2AHIT","COPR","","100.000","4.00","FK","","","");
REPLACE INTO class_subject VALUES("7581AHITFKCOPR-22N","1AHIT","COPR","","100.000","4.00","?","","","");
REPLACE INTO class_subject VALUES("7581AHITSXCOPR","2AHIT","COPR","","100.000","4.00","SX","","","");
REPLACE INTO class_subject VALUES("7581AHITSXCOPR-22N","1AHIT","COPR","","100.000","4.00","?","","","");
REPLACE INTO class_subject VALUES("761AHMBAMERK","2AHMBA","RK","","100.000","2.00","ME","","","");
REPLACE INTO class_subject VALUES("7651AHETHDWPT_4","2AHET","WPT_4","","100.000","4.00","HD","","","");
REPLACE INTO class_subject VALUES("7651AHETKIWPT_4","2AHET","WPT_4","","100.000","4.00","KI","","","");
REPLACE INTO class_subject VALUES("7651AHETSWWPT_4","2AHET","WPT_4","","100.000","4.00","SW","","","");
REPLACE INTO class_subject VALUES("7651AHETTBWPT_4","2AHET","WPT_4","","100.000","4.00","TB","","","");
REPLACE INTO class_subject VALUES("7661AHETFAWPT_4","2AHET","WPT_4","","100.000","4.00","FA","","","");
REPLACE INTO class_subject VALUES("7661AHETFKWPT_4","2AHET","WPT_4","","100.000","4.00","FK","","","");
REPLACE INTO class_subject VALUES("7661AHETHEWPT_4","2AHET","WPT_4","","100.000","4.00","HE","","","");
REPLACE INTO class_subject VALUES("7661AHETKIWPT_4","2AHET","WPT_4","","100.000","4.00","KI","","","");
REPLACE INTO class_subject VALUES("772AFMESHAM","3AFME","AM","","100.000","2.00","SH","","","");
REPLACE INTO class_subject VALUES("7742AHETFAWPT_4","3AHET","WPT_4","","100.000","4.00","FA","","","");
REPLACE INTO class_subject VALUES("7742AHETZEWPT_4","3AHET","WPT_4","","100.000","4.00","ZE","","","");
REPLACE INTO class_subject VALUES("7752AHETBAWPT_4","3AHET","WPT_4","","100.000","4.00","BA","","","");
REPLACE INTO class_subject VALUES("7752AHETFKWPT_4","3AHET","WPT_4","","100.000","4.00","FK","","","");
REPLACE INTO class_subject VALUES("782AFMEZEUNF","3AFME","UNF","","100.000","2.00","ZE","","","");
REPLACE INTO class_subject VALUES("793AHMBABCTMB","4AHMBA","TMB","","100.000","3.00","BC","","","");
REPLACE INTO class_subject VALUES("803AHMBAHAETE","4AHMBA","ETE","","100.000","2.00","HA","","","");
REPLACE INTO class_subject VALUES("813AHETSBDAM","4AHETS","AM","","100.000","3.00","BD","","","");
REPLACE INTO class_subject VALUES("823AHETSEGES1","4AHETS","ES1","","100.000","3.00","EG","","","");
REPLACE INTO class_subject VALUES("831AFMESRGGP","2AFME","GGP","","100.000","2.00","SR","","","");
REPLACE INTO class_subject VALUES("8401AHWIM22FNWPT_4","1AHWIM","WPT_4","","100.000","5.00","?","","","");
REPLACE INTO class_subject VALUES("8401AHWIM22FSWPT_4","1AHWIM","WPT_4","","100.000","5.00","?","","","");
REPLACE INTO class_subject VALUES("8401AHWIM22HDWPT_4","1AHWIM","WPT_4","","100.000","5.00","?","","","");
REPLACE INTO class_subject VALUES("8401AHWIM22RMWPT_4","1AHWIM","WPT_4","","100.000","5.00","?","","","");
REPLACE INTO class_subject VALUES("8401AHWIMFNWPT_4","2AHWIM","WPT_4","","100.000","5.00","FN","","","");
REPLACE INTO class_subject VALUES("8401AHWIMFSWPT_4","2AHWIM","WPT_4","","100.000","5.00","FS","","","");
REPLACE INTO class_subject VALUES("8401AHWIMHDWPT_4","2AHWIM","WPT_4","","100.000","5.00","HD","","","");
REPLACE INTO class_subject VALUES("8401AHWIMRMWPT_4","2AHWIM","WPT_4","","100.000","5.00","RM","","","");
REPLACE INTO class_subject VALUES("8471BHWIM22FSWPT_4","1BHWIM","WPT_4","","100.000","5.00","?","","","");
REPLACE INTO class_subject VALUES("8471BHWIM22PEWPT_4","1BHWIM","WPT_4","","100.000","5.00","?","","","");
REPLACE INTO class_subject VALUES("8471BHWIM22SWWPT_4","1BHWIM","WPT_4","","100.000","5.00","?","","","");
REPLACE INTO class_subject VALUES("8471BHWIM22ZEWPT_4","1BHWIM","WPT_4","","100.000","5.00","?","","","");
REPLACE INTO class_subject VALUES("8471BHWIMFSWPT_4","2BHWIM","WPT_4","","100.000","5.00","FS","","","");
REPLACE INTO class_subject VALUES("8471BHWIMPEWPT_4","2BHWIM","WPT_4","","100.000","5.00","PE","","","");
REPLACE INTO class_subject VALUES("8471BHWIMSWWPT_4","2BHWIM","WPT_4","","100.000","5.00","SW","","","");
REPLACE INTO class_subject VALUES("8471BHWIMZEWPT_4","2BHWIM","WPT_4","","100.000","5.00","ZE","","","");
REPLACE INTO class_subject VALUES("85SDWRKL","","WRKL","","100.000","1.00","SD","","","");
REPLACE INTO class_subject VALUES("862AFMEGSGGP","3AFME","GGP","","100.000","1.00","GS","","","");
REPLACE INTO class_subject VALUES("882AFMEHOKOP","3AFME","KOP","","100.000","3.00","HO","","","");
REPLACE INTO class_subject VALUES("882AFMEKIKOP","3AFME","KOP","","100.000","3.00","KI","","","");
REPLACE INTO class_subject VALUES("8851AFMEKOFB2","2AFME","FB2","","100.000","2.00","KO","","","");
REPLACE INTO class_subject VALUES("891AHITSLNW2","2AHIT","NW2","","100.000","3.00","SL","","","");
REPLACE INTO class_subject VALUES("891AHITSLNW2-22N","1AHIT","NW2","","100.000","3.00","?","","","");
REPLACE INTO class_subject VALUES("901AHETSCCPE","2AHET","CPE","","100.000","2.00","SC","","","");
REPLACE INTO class_subject VALUES("901AHETSGCPE","2AHET","CPE","","100.000","2.00","SG","","","");
REPLACE INTO class_subject VALUES("9101AHETSCCPE","1AHET","CPE","","100.000","2.00","?","","","");
REPLACE INTO class_subject VALUES("91101AHETSGCPE","1AHET","CPE","","100.000","2.00","?","","","");
REPLACE INTO class_subject VALUES("911AHMBASTAM","2AHMBA","AM","","100.000","3.00","ST","","","");
REPLACE INTO class_subject VALUES("921AHMBASMBESP","2AHMBA","BESP","","100.000","2.00","SM","","","");
REPLACE INTO class_subject VALUES("9271AFMEGRFB2","2AFME","FB2","","100.000","2.00","GR","","","");
REPLACE INTO class_subject VALUES("931AHMBAGRGGP","2AHMBA","GGP","","100.000","2.00","GR","","","");
REPLACE INTO class_subject VALUES("9341AHITHASYT","2AHIT","SYT","","100.000","1.00","HA","","","");
REPLACE INTO class_subject VALUES("9341AHITHASYT-22N","1AHIT","SYT","","100.000","1.00","?","","","");
REPLACE INTO class_subject VALUES("9341AHITSCSYT","2AHIT","SYT","","100.000","1.00","SC","","","");
REPLACE INTO class_subject VALUES("9341AHITSCSYT-22N","1AHIT","SYT","","100.000","1.00","?","","","");
REPLACE INTO class_subject VALUES("9365AAMEGMFI","5AAME","FI","","50.000","1.00","GM","","","");
REPLACE INTO class_subject VALUES("9365AKMEGMFI","5AKME","FI","","100.000","1.00","GM","","","");
REPLACE INTO class_subject VALUES("9376AAMEGMFI","6AAME","FI","","50.000","2.00","GM","","","");
REPLACE INTO class_subject VALUES("9376AKMEGMFI","6AKME","FI","","100.000","2.00","GM","","","");
REPLACE INTO class_subject VALUES("941AHMBAPJAINF","2AHMBA","AINF","","100.000","2.00","PJ","","","");
REPLACE INTO class_subject VALUES("941AHMBAZSAINF","2AHMBA","AINF","","100.000","2.00","ZS","","","");
REPLACE INTO class_subject VALUES("951AHMBAATD","2AHMBA","D","","100.000","3.00","AT","","","");
REPLACE INTO class_subject VALUES("9583AFMESNFTKMWP_3","4AFME","FTKMWP_3","","100.000","4.00","SN","","","");
REPLACE INTO class_subject VALUES("9583AFMEWMFTKMWP_4","4AFME","FTKMWP_4","","100.000","4.00","WM","","","");
REPLACE INTO class_subject VALUES("9613AFMEBAITATWP_4","4AFME","ITATWP_4","","100.000","3.00","BA","","","");
REPLACE INTO class_subject VALUES("9613AFMESBITATWP_4","4AFME","ITATWP_4","","100.000","3.00","SB","","","");
REPLACE INTO class_subject VALUES("961AHMBASLNWG_2","2AHMBA","NWG_2","","100.000","3.00","SL","","","");
REPLACE INTO class_subject VALUES("9703AFMEDRETEWP_4","4AFME","ETEWP_4","","100.000","4.00","DR","","","");
REPLACE INTO class_subject VALUES("9703AFMEKIETEWP_4","4AFME","ETEWP_4","","100.000","4.00","KI","","","");
REPLACE INTO class_subject VALUES("971AHMBABCTMB","2AHMBA","TMB","","100.000","2.00","BC","","","");
REPLACE INTO class_subject VALUES("9764AFMEPTFTKMWP_4","5AFME","FTKMWP_4","","100.000","5.00","PT","","","");
REPLACE INTO class_subject VALUES("9764AFMERMFTKMWP_4","5AFME","FTKMWP_4","","100.000","5.00","RM","","","");
REPLACE INTO class_subject VALUES("981AHMBASME1","2AHMBA","E1","","100.000","2.00","SM","","","");
REPLACE INTO class_subject VALUES("9844AFMEBAMSSWP_4","5AFME","MSSWP_4","","100.000","3.00","BA","","","");
REPLACE INTO class_subject VALUES("9844AFMESDMSSWP_4","5AFME","MSSWP_4","","100.000","3.00","SD","","","");
REPLACE INTO class_subject VALUES("9884AFMEHOLAB","5AFME","LAB","","100.000","4.00","HO","","","");
REPLACE INTO class_subject VALUES("9884AFMEZELAB","5AFME","LAB","","100.000","4.00","ZE","","","");
REPLACE INTO class_subject VALUES("992AHMBAWID","3AHMBA","D","","100.000","2.00","WI","","","");



REPLACE INTO department VALUES("AUF","Aufbaulehrgang/Kolleg für Mechantronik","DI Johannes Haidler","#96c81e","1638531200","1638531200");
REPLACE INTO department VALUES("AUT","Höhere Abteilung für Maschinenbau","DI Klaus Riedler","#e63232","1638531200","1638531200");
REPLACE INTO department VALUES("ETEC","Elektrotechnik – Smart Systems","DI Johannes Haidler","#ffc800","1638531200","1638531200");
REPLACE INTO department VALUES("IT","Informationstechnologie","DI Johannes Haidler","#ff5900","1638531200","1638531200");
REPLACE INTO department VALUES("ME","Fachschule für Mechantronik","DI Klaus Riederl","#96c81e","1638531200","1638531200");
REPLACE INTO department VALUES("WING","Wirtschaftsingenieuer","DI Gerhard Pölzgutter","#1450a0","1638531200","1638531200");



REPLACE INTO menu VALUES("1","MainNav","","#","","");
REPLACE INTO menu VALUES("2","Admin","1","#","10","");
REPLACE INTO menu VALUES("3","Benutzer","2","#","10","");
REPLACE INTO menu VALUES("4","Zuweisung","2","/admin/assignment/index","200","");
REPLACE INTO menu VALUES("5","Benutzerrollen","2","/admin/role/index","300","");
REPLACE INTO menu VALUES("6","Berechtigung","2","/admin/permission/index","400","");
REPLACE INTO menu VALUES("7","Routen","2","/admin/route/index","500","");
REPLACE INTO menu VALUES("8","Lehrer","11","/teacher/index","200","");
REPLACE INTO menu VALUES("9","Abteilung","11","/department/index","150","");
REPLACE INTO menu VALUES("10","Menü","2","/admin/menu/index","900","");
REPLACE INTO menu VALUES("11","Einstellungen","1","#","200","");
REPLACE INTO menu VALUES("12","Klasse","11","/school-class/index","100","");
REPLACE INTO menu VALUES("13","Fächerzuweisung","1","/class-subject/index","950","");
REPLACE INTO menu VALUES("14","Lehrfächerverteilung","1","/class-subject/update-department","900","");
REPLACE INTO menu VALUES("15","Auswertung","1","#","800","");
REPLACE INTO menu VALUES("16","Fach","11","/subject/index","120","");
REPLACE INTO menu VALUES("17","Berichte","15","/report/index","100","");
REPLACE INTO menu VALUES("18","Sicherung","1","#","800","");
REPLACE INTO menu VALUES("19","Komplettsicherung erstellen","18","/backup/create-full","100","");
REPLACE INTO menu VALUES("20","Abteilungs-Backup erstellen","18","/backup/view-part-backup-settings","200","");
REPLACE INTO menu VALUES("21","Wiederherstellung","18","/backup/restore","800","");



REPLACE INTO migration VALUES("m000000_000000_base","1634930629");
REPLACE INTO migration VALUES("m140506_102106_rbac_init","1634989991");
REPLACE INTO migration VALUES("m140602_111327_create_menu_table","1634930637");
REPLACE INTO migration VALUES("m160312_050000_create_user","1634930638");
REPLACE INTO migration VALUES("m170907_052038_rbac_add_index_on_auth_assignment_user_id","1634989992");
REPLACE INTO migration VALUES("m180523_151638_rbac_updates_indexes_without_prefix","1634989992");
REPLACE INTO migration VALUES("m200409_110543_rbac_update_mssql_trigger","1634989992");



REPLACE INTO school_class VALUES("1AFME","1. FS-Mechatronik Fussball","ME","","1.00000","?","1","","","");
REPLACE INTO school_class VALUES("1AHET","1.a Elektrotechnik","ETEC","","1.00000","?","1","bis: ","1666296798","1666296798");
REPLACE INTO school_class VALUES("1AHIT","1.a Informationstechnologie","IT","","1.00000","?","1","","","");
REPLACE INTO school_class VALUES("1AHMBA","1.a Maschinenbau","AUT","","1.00000","?","1","bis: ","1666296798","1666296798");
REPLACE INTO school_class VALUES("1AHWIM","1.a Wirtschaftsingenieure","WING","","1.00000","?","1","bis: ","1666296798","1666296798");
REPLACE INTO school_class VALUES("1BHMBA","1.b Maschinenbau","AUT","","1.00000","?","1","bis: ","1666296798","1666296798");
REPLACE INTO school_class VALUES("1BHWIM","1.b Wirtschaftsingenieure","WING","","1.00000","?","1","bis: ","1666296798","1666296798");
REPLACE INTO school_class VALUES("2AAME","2. Sem. Aufbaulehrgang","AUF","","1.00000","WG","20","bis: ","1666296798","1666296798");
REPLACE INTO school_class VALUES("2AFME","2. FS Mechatronik Fussball","ME","","1.00000","KI","28","bis: ","1666296798","1666296798");
REPLACE INTO school_class VALUES("2AHET","2.a Elektrotechnik","ETEC","","1.00000","SO","28","bis: ","1666296798","1666296798");
REPLACE INTO school_class VALUES("2AHIT","2.a Informationstechnologie","IT","","1.00000","GS","31","bis: ","1666296798","1666296798");
REPLACE INTO school_class VALUES("2AHMBA","2.a Maschinenbau","AUT","","1.00000","SM","21","bis: ","1666296798","1666296798");
REPLACE INTO school_class VALUES("2AHWIM","2.a Wirtschaftsingenieure","WING","","1.00000","RA","24","bis: ","1666296798","1666296798");
REPLACE INTO school_class VALUES("2BHMBA","2.b Maschinenbau","AUT","","1.00000","ST","23","bis: ","1666296798","1666296798");
REPLACE INTO school_class VALUES("2BHWIM","2.b Wirtschaftsingenieure","WING","","1.00000","ZE","27","bis: ","1666296798","1666296798");
REPLACE INTO school_class VALUES("3AAME","3. Sem. Aufbaulehrgang Mechatronik","AUF","","1.00000","WG","14","bis: 20230212","1666296798","1666296798");
REPLACE INTO school_class VALUES("3AFME","3. FS Mechatronik Fussball","ME","","1.00000","HO","19","bis: ","1666296798","1666296798");
REPLACE INTO school_class VALUES("3AHET","3.a Elektrotechnik","ETEC","","1.00000","RI","12","bis: ","1666296798","1666296798");
REPLACE INTO school_class VALUES("3AHIT","3.a Informationstechnologie","IT","","1.00000","SL","21","bis: ","1666296798","1666296798");
REPLACE INTO school_class VALUES("3AHMBA","3.a Maschinenbau","AUT","","1.00000","WJ","21","bis: ","1666296798","1666296798");
REPLACE INTO school_class VALUES("3AHWIM","3.a Wirtschaftsingenieure","WING","","1.00000","ZD","18","bis: ","1666296798","1666296798");
REPLACE INTO school_class VALUES("3AKME","3. Sem. Kolleg Mechatronik","AUF","","1.00000","WG","5","bis: 20230212","1666296798","1666296798");
REPLACE INTO school_class VALUES("3BHMBA","3.b Maschinenbau","AUT","","1.00000","EB","24","bis: ","1666296798","1666296798");
REPLACE INTO school_class VALUES("3BHWIM","3.b Wirtschaftsingenieure","WING","","1.00000","WR","20","bis: ","1666296798","1666296798");
REPLACE INTO school_class VALUES("4AAME","4. Sem. Aufbaulehrgang Mechatronik","AUF","","1.00000","WG","14","bis: ","1666296798","1666296798");
REPLACE INTO school_class VALUES("4AFME","4. FS-Mechatronik Fussball","ME","","1.00000","SN","14","bis: ","1666296798","1666296798");
REPLACE INTO school_class VALUES("4AHETS","4.a Elektrotechnik","ETEC","","1.00000","RU","23","bis: ","1666296798","1666296798");
REPLACE INTO school_class VALUES("4AHIT","4.a Informationstechnologie","IT","","1.00000","ZS","17","bis: ","1666296798","1666296798");
REPLACE INTO school_class VALUES("4AHMBA","4.a Maschinenbau","AUT","","1.00000","RT","20","bis: ","1666296798","1666296798");
REPLACE INTO school_class VALUES("4AHWIM","4.a Wirtschaftsingenieure","WING","","1.00000","SR","13","bis: ","1666296798","1666296798");
REPLACE INTO school_class VALUES("4AKME","4. Sem. Kolleg Mechatronik","AUF","","1.00000","WG","5","bis: ","1666296798","1666296798");
REPLACE INTO school_class VALUES("4BHMBA","4.b Maschinenbau","AUT","","1.00000","ME","18","bis: ","1666296798","1666296798");
REPLACE INTO school_class VALUES("4BHWIM","4.b Wirtschaftsingenieure","WING","","1.00000","JW","17","bis: ","1666296798","1666296798");
REPLACE INTO school_class VALUES("5AAME","5. Sem. Aufbaulehrgang Mechatronik","AUF","","1.00000","WG","24","bis: 20230212","1666296798","1666296798");
REPLACE INTO school_class VALUES("5AFME","5. FS-Mechatronik Fussball - LÖSCHEN?","ME","","1.00000","DR","17","bis: 20230430","1666296798","1666296798");
REPLACE INTO school_class VALUES("5AHETS","5.a Elektrotechnik","ETEC","","1.00000","KB","18","bis: ","1666296798","1666296798");
REPLACE INTO school_class VALUES("5AHMBA","5.a Maschinenbau","AUT","","1.00000","BC","23","bis: ","1666296798","1666296798");
REPLACE INTO school_class VALUES("5AHWIM","5.a Wirtschaftsingenieurwesen","WING","","1.00000","WK","16","bis: ","1666296798","1666296798");
REPLACE INTO school_class VALUES("5AKME","5. Sem. Kolleg Mechatronik","AUF","","1.00000","WG","4","bis: 20230212","1666296798","1666296798");
REPLACE INTO school_class VALUES("5BHMBA","5.b Maschinenbau","AUT","","1.00000","BD","23","bis: ","1666296798","1666296798");
REPLACE INTO school_class VALUES("5BHWIM","5.b Wirtschaftsingenieurwesen","WING","","1.00000","KJ","16","bis: ","1666296798","1666296798");
REPLACE INTO school_class VALUES("6AAME","6. Sem. Aufbaulehrgang Mechatronik","AUF","","1.00000","WG","24","bis: ","1666296798","1666296798");
REPLACE INTO school_class VALUES("6AKME","6. Sem. Kolleg Mechatronik","AUF","","1.00000","WG","4","bis: ","1666296798","1666296798");
REPLACE INTO school_class VALUES("ABSCHL1","","","","1.00000","","0","bis: ","1666296798","1666296798");
REPLACE INTO school_class VALUES("ABSCHL2","","","","1.00000","","0","bis: ","1666296798","1666296798");
REPLACE INTO school_class VALUES("AP_MT","","","","1.00000","","0","bis: ","1666296798","1666296798");
REPLACE INTO school_class VALUES("FSAM","305449FS Amstetten","","","1.00000","","0","bis: ","1666296798","1666296798");
REPLACE INTO school_class VALUES("FSGYS","305016Gymnasium Seitenstetten","","","1.00000","","0","bis: ","1666296798","1666296798");
REPLACE INTO school_class VALUES("FSHAK","303428HAK Waidhofen/Ybbs","","","1.00000","","0","bis: ","1666296798","1666296798");
REPLACE INTO school_class VALUES("FSHTLY","315467HTL Ybbs","","","1.00000","","0","bis: ","1666296798","1666296798");
REPLACE INTO school_class VALUES("FSNAR","305042Neue Mittelschule Ardagger","","","1.00000","","0","bis: ","1666296798","1666296798");
REPLACE INTO school_class VALUES("FSNY","305192Neue Mittelschule Ybbsitz","","","1.00000","","0","bis: ","1666296798","1666296798");
REPLACE INTO school_class VALUES("FSPH","306660Pädagogische Hochschule Baden","","","1.00000","","0","bis: ","1666296798","1666296798");
REPLACE INTO school_class VALUES("RDP_A","","","","1.00000","","0","bis: ","1666296798","1666296798");
REPLACE INTO school_class VALUES("RDP_E","","","","1.00000","","0","bis: ","1666296798","1666296798");
REPLACE INTO school_class VALUES("RDP_ME","","","","1.00000","","0","bis: ","1666296798","1666296798");
REPLACE INTO school_class VALUES("RDP_W","","","","1.00000","","0","bis: ","1666296798","1666296798");
REPLACE INTO school_class VALUES("RG_1","","","","1.00000","","0","bis: ","1666296798","1666296798");
REPLACE INTO school_class VALUES("RG_2","","","","1.00000","","0","bis: ","1666296798","1666296798");
REPLACE INTO school_class VALUES("SCHNUPP","","","","1.00000","","0","bis: ","1666296798","1666296798");



REPLACE INTO subject VALUES("A-AV","Absetzstunde Abteilungsvorstand","0.00000","","");
REPLACE INTO subject VALUES("A-BIBL","Abetzstunde Bibliothek","0.00000","","");
REPLACE INTO subject VALUES("A-DIR","Absetzstunde Drektor","0.00000","","");
REPLACE INTO subject VALUES("A-EDV","Absetzstunde EDV","0.00000","","");
REPLACE INTO subject VALUES("A-SQPM","Absetzstunde Qualitätsmanager","0.00000","","");
REPLACE INTO subject VALUES("A-WL","Absetzstunde Werkstättenleiter","0.00000","","");
REPLACE INTO subject VALUES("ABTV","Abteilungsvorstand","1.16700","","");
REPLACE INTO subject VALUES("ADM","Administratives","1.00000","","");
REPLACE INTO subject VALUES("AFW","Fussballtraining","0.00000","","");
REPLACE INTO subject VALUES("AIIT","Angewandte Informatik und fachspezifische Informationstechnik","1.16700","","");
REPLACE INTO subject VALUES("AIITV_1","Angewandte Informatik u fachspezifische Informationstechnik Vertiefung","1.16700","","");
REPLACE INTO subject VALUES("AINF","Angew. Informatik","1.16700","","");
REPLACE INTO subject VALUES("AM","Angew. Mathematik","1.16700","","");
REPLACE INTO subject VALUES("AM-E","Angew. Mathematik ESF","1.16700","","");
REPLACE INTO subject VALUES("AT1","Antriebstechnik I","1.16700","","");
REPLACE INTO subject VALUES("AUFSICHT","Aufsicht Corona","0.52500","","");
REPLACE INTO subject VALUES("AUSB","Lehrer auf Ausbildung an Pädagogischer Hochschule","1.00000","","");
REPLACE INTO subject VALUES("AUT","Automatisierungstechnik","1.16700","","");
REPLACE INTO subject VALUES("AUT-E","Automatisierungstechnik ESF","1.16700","","");
REPLACE INTO subject VALUES("AUTV","Automatisierungstechnik II","1.16700","","");
REPLACE INTO subject VALUES("BESP","Bewegung u. Sport","0.95500","","");
REPLACE INTO subject VALUES("BESPF","Bewegung u. Sport Freigegenstand","0.95500","","");
REPLACE INTO subject VALUES("BET","Betriebstechnik","1.16700","","");
REPLACE INTO subject VALUES("BET-E","Betriebstechnik ESF","1.16700","","");
REPLACE INTO subject VALUES("BIB","Bildungsberater","1.10500","","");
REPLACE INTO subject VALUES("BTP3","Betriebspraxis","1.05000","","");
REPLACE INTO subject VALUES("COPR","Computerpraktikum","0.95500","","");
REPLACE INTO subject VALUES("COV19","COV19","1.00000","","");
REPLACE INTO subject VALUES("CPE","Computergestützte Projektentwicklung","1.16700","","");
REPLACE INTO subject VALUES("D","Deutsch","1.16700","","");
REPLACE INTO subject VALUES("D-E","Deutsch ESF","1.16700","","");
REPLACE INTO subject VALUES("DIR","Direktor","1.05000","","");
REPLACE INTO subject VALUES("DREP_1","Deutsch - Rhetorik / Präsentationstechnik","1.16700","","");
REPLACE INTO subject VALUES("DUK","Deutsch und Kommunikation","1.16700","","");
REPLACE INTO subject VALUES("E1","Englisch","1.16700","","");
REPLACE INTO subject VALUES("EL","Elektronik","1.16700","","");
REPLACE INTO subject VALUES("EMV","Elektromagnetische Verträglichkeit","1.16700","","");
REPLACE INTO subject VALUES("ENKM","Englisch und Kommunikation","1.16700","","");
REPLACE INTO subject VALUES("ENMA","Entrepreneurship und Management","1.16700","","");
REPLACE INTO subject VALUES("EREP_1","Englisch - Rhetorik / Präsentationstechnik","1.16700","","");
REPLACE INTO subject VALUES("ES1","Energiesysteme I","1.16700","","");
REPLACE INTO subject VALUES("ES1-E","Energiesysteme ESF","1.16700","","");
REPLACE INTO subject VALUES("ESF","ESF-Förderstunden","1.16700","","");
REPLACE INTO subject VALUES("eSPORT","eSports","1.16700","","");
REPLACE INTO subject VALUES("ETE","Elektrotechnik und Elektronik","1.16700","","");
REPLACE INTO subject VALUES("ETEWP_3","Elektrotechnik und Elektronik - Werkstätte und Produktionstechnik","1.05000","","");
REPLACE INTO subject VALUES("ETEWP_4","Elektrotechnik und Elektronik - Werkstätte und Produktionstechnik","0.91300","","");
REPLACE INTO subject VALUES("ETH","Ethik","1.05000","","");
REPLACE INTO subject VALUES("FB2","Fussball 2","0.95500","","");
REPLACE INTO subject VALUES("FET1_1","Fertigungstechnik","1.16700","","");
REPLACE INTO subject VALUES("FI","Fachspezifische Informtionstechnik I","1.16700","","");
REPLACE INTO subject VALUES("FITT","Fitnesstraining","0.95500","","");
REPLACE INTO subject VALUES("FOEX","Forschen und Experimentieren","1.05000","","");
REPLACE INTO subject VALUES("FTBT","Fertigungs- und Betriebstechnik","1.16700","","");
REPLACE INTO subject VALUES("FTKMWP_3","Fertigungstechnik und Mechanik - Werkstätte und Produktionstechnik","1.05000","","");
REPLACE INTO subject VALUES("FTKMWP_4","Fertigungstechnik und Mechanik - Werkstätte und Produktionstechnik","0.91300","","");
REPLACE INTO subject VALUES("FTKM_1","Fertigungstechnik und Mechanik","1.16700","","");
REPLACE INTO subject VALUES("FWPT_4","Werkstätte","0.91300","","");
REPLACE INTO subject VALUES("GEW","Gewerkschaftsfunktionär","1.00000","","");
REPLACE INTO subject VALUES("GGP","Geographie, Geschichte und politische Bildung","1.05000","","");
REPLACE INTO subject VALUES("IE1","Industrieelektronik I","1.16700","","");
REPLACE INTO subject VALUES("IFT","Informationstechnik","1.16700","","");
REPLACE INTO subject VALUES("INFI","Informatik und Informationssysteme","1.16700","","");
REPLACE INTO subject VALUES("INSY","Informationssysteme","1.16700","","");
REPLACE INTO subject VALUES("ITATWP_3","Informationstechnik und Automatisierung - Werkstätte und Produktionstechnik","1.05000","","");
REPLACE INTO subject VALUES("ITATWP_4","Informationstechnik und Automatisierung - Werkstätte und Produktionstechnik","0.91300","","");
REPLACE INTO subject VALUES("ITAT_1","Informationstechnik und Automatisierung","1.16700","","");
REPLACE INTO subject VALUES("ITP2","Informationstechnische Projekte","1.10500","","");
REPLACE INTO subject VALUES("ITSI_1","IT-Sicherheit","1.16700","","");
REPLACE INTO subject VALUES("KAUD","Kust. Audivisuelle Sammlung","1.10500","","");
REPLACE INTO subject VALUES("KCH","Kust. Chemie","1.10500","","");
REPLACE INTO subject VALUES("KFTG","Kust. Fachtheorie GG","1.10500","","");
REPLACE INTO subject VALUES("KGGS","Kust. Geographie","1.10500","","");
REPLACE INTO subject VALUES("KLA","Kust. Laboratorien","1.10500","","");
REPLACE INTO subject VALUES("KLAA","Kust. Labor f. Automatisierungstechnik","1.10500","","");
REPLACE INTO subject VALUES("KLAE","Kust. Labor f. Elektrotechnik","1.10500","","");
REPLACE INTO subject VALUES("KLAM","Kust. Labor f. Maschinenbau","1.10500","","");
REPLACE INTO subject VALUES("KMDG","Kust. Mathematik","1.10500","","");
REPLACE INTO subject VALUES("KOBE","Konstruktion und Berechnung","1.16700","","");
REPLACE INTO subject VALUES("KOBE-E","Konstruktion und Berechnung ESF","1.16700","","");
REPLACE INTO subject VALUES("KOP","Konstruktion und Projektmanagement","1.16700","","");
REPLACE INTO subject VALUES("KOPDG","Konstruktion und Projektmanagement","1.16700","","");
REPLACE INTO subject VALUES("KOPM","Konstruktion und Projektmanagement","1.16700","","");
REPLACE INTO subject VALUES("KPH","Kust. Physik","1.10500","","");
REPLACE INTO subject VALUES("KTSE","Kust. Turnsaaleinrichtungen","1.10500","","");
REPLACE INTO subject VALUES("KU","Konstruktionsübungen","1.16700","","");
REPLACE INTO subject VALUES("KUP","Kommunikation und Präsentation","1.05000","","");
REPLACE INTO subject VALUES("LAB","Labor","1.16700","","");
REPLACE INTO subject VALUES("MAA-E","Maschinen, Anlagen, Automatisierungstechnik","1.16700","","");
REPLACE INTO subject VALUES("MAA-M","Maschinen, Anlagen, Automatisierungstechnik","1.16700","","");
REPLACE INTO subject VALUES("MAA_EU","Maschinen, Anlagen, Automatisierungstechnik","1.16700","","");
REPLACE INTO subject VALUES("MANL","Maschinen u. Anlagen","1.16700","","");
REPLACE INTO subject VALUES("MB-DG","Konstruktion und Berechnung","1.16700","","");
REPLACE INTO subject VALUES("MB-KU","Konstruktion und Berechnung","1.16700","","");
REPLACE INTO subject VALUES("MB-ME","Konstruktion und Berechnung","1.16700","","");
REPLACE INTO subject VALUES("MB-MEL","Konstruktion und Berechnung","1.16700","","");
REPLACE INTO subject VALUES("MEDT","Medientechnik","1.16700","","");
REPLACE INTO subject VALUES("MEEL","Mechanik und Elemente der Mechatronik","1.16700","","");
REPLACE INTO subject VALUES("MEEM","Mechanik und Elemente des Maschinenbaus","1.16700","","");
REPLACE INTO subject VALUES("MINT","MINT - Digitalisierung","1.05000","","");
REPLACE INTO subject VALUES("MSSWP_3","Mechatronische Systeme - Werkstätte und Produktionstechnik","1.05000","","");
REPLACE INTO subject VALUES("MSSWP_4","Mechatronische Systeme - Werkstätte und Produktionstechnik","0.91300","","");
REPLACE INTO subject VALUES("MSS_1","Mechatronische Systeme","1.16700","","");
REPLACE INTO subject VALUES("MTSA","Mechatronische Systeme und Automatisierung","1.16700","","");
REPLACE INTO subject VALUES("MV","Mitverwendung","1.00000","","");
REPLACE INTO subject VALUES("NBU","Bibliothek","1.10500","","");
REPLACE INTO subject VALUES("NCAD","Kustodiat Betreuung CAD-Anlagen","1.10500","","");
REPLACE INTO subject VALUES("NDVA","Kust. Datenverarbeitung","1.10500","","");
REPLACE INTO subject VALUES("NMBS","Neue Mittelschule - Bewegung und Sport","0.95500","","");
REPLACE INTO subject VALUES("NMD3","Neue Mittelschule - Deutsch","1.05000","","");
REPLACE INTO subject VALUES("NMG","Neue Mittelschule - Geschichte","1.05000","","");
REPLACE INTO subject VALUES("NMM","Neue Mittelschule - Mathematik","1.10500","","");
REPLACE INTO subject VALUES("NMMU","Neue Mittelschule - Musik","0.95500","","");
REPLACE INTO subject VALUES("NMPH","Neue Mittelschule - Physik","1.05000","","");
REPLACE INTO subject VALUES("NMTE","Neue Mittelschule - Technisches Werken","0.91300","","");
REPLACE INTO subject VALUES("NW2","Naturwissenschaften","1.10500","","");
REPLACE INTO subject VALUES("NWG_2","Naturwissenschaftliche Grundlagen","1.10500","","");
REPLACE INTO subject VALUES("NWT1","Netzwerktechnik","1.16700","","");
REPLACE INTO subject VALUES("NWTG_2","Naturwissenschaftliche und technische Grundlagen","1.10500","","");
REPLACE INTO subject VALUES("ORD","Ordinariat","1.10500","","");
REPLACE INTO subject VALUES("P82","Lehrpfl.E.Gesundh.","1.00000","","");
REPLACE INTO subject VALUES("P93","Sonst. Einrechnung","1.00000","","");
REPLACE INTO subject VALUES("P93A","Sonst. Einrechnung","1.10500","","");
REPLACE INTO subject VALUES("P93E","IT/EDV-Einrechnung","1.10500","","");
REPLACE INTO subject VALUES("P93Z","Clil-Einrechnung","1.00000","","");
REPLACE INTO subject VALUES("PDWP_3","Produktionstechnik - Werkstätte und Produktionstechnik","1.05000","","");
REPLACE INTO subject VALUES("PDWP_4","Produktionstechnik - Werkstätte und Produktionstechnik","0.91300","","");
REPLACE INTO subject VALUES("PD_1","Produktionstechnik","1.16700","","");
REPLACE INTO subject VALUES("PHL","Lehrende Tätigkeit an PH","1.00000","","");
REPLACE INTO subject VALUES("PMP","Projektmanagement","1.16700","","");
REPLACE INTO subject VALUES("QBIB","Individuelle schülerzentrierte Beratung","1.00000","","");
REPLACE INTO subject VALUES("QSK","Qualitäts-Schulkoordinator","1.00000","","");
REPLACE INTO subject VALUES("RALE","Religion alevitisch","1.05000","","");
REPLACE INTO subject VALUES("RE","Religion Evangelisch","1.05000","","");
REPLACE INTO subject VALUES("RISL","Religion Islamisch","1.05000","","");
REPLACE INTO subject VALUES("RK","Religion Katholisch","1.05000","","");
REPLACE INTO subject VALUES("ROB","Robotik und Handhabung","1.16700","","");
REPLACE INTO subject VALUES("ROBP","Robotik und Prozessdatenverarbeitung","1.16700","","");
REPLACE INTO subject VALUES("SENT","Softwareengineering und Netzwerktechnik","1.16700","","");
REPLACE INTO subject VALUES("SEW","Softwareentwicklung","1.16700","","");
REPLACE INTO subject VALUES("SICH","Sicherheitsberater","1.10500","","");
REPLACE INTO subject VALUES("SKOC","Studienkoordinator","1.10500","","");
REPLACE INTO subject VALUES("SOPK","Soziale und personale Kompetenz","1.05000","","");
REPLACE INTO subject VALUES("SPK","Sportkunde","1.10500","","");
REPLACE INTO subject VALUES("SPR","Sprechstunde","0.00000","","");
REPLACE INTO subject VALUES("SQA","","1.00000","","");
REPLACE INTO subject VALUES("SQPM","","1.00000","","");
REPLACE INTO subject VALUES("SUPB","Supplierbereitschaft","0.00000","","");
REPLACE INTO subject VALUES("SYT","Systemtechnik","1.16700","","");
REPLACE INTO subject VALUES("SYT-E","Systemtechnik ESF","1.16700","","");
REPLACE INTO subject VALUES("TMB","Technische Mechanik und Berechnung","1.16700","","");
REPLACE INTO subject VALUES("TMB-E","Technische Mechanik und Berechnung ESF","1.16700","","");
REPLACE INTO subject VALUES("UFW_1","Unternehmensführung und Wirtschaftsrecht mit Übungen im Business-English","1.16700","","");
REPLACE INTO subject VALUES("UFW_2","Unternehmensführung und Wirtschaftsrecht","1.10500","","");
REPLACE INTO subject VALUES("UNF","Unternehmensführung","1.10500","","");
REPLACE INTO subject VALUES("WIR_3","Wirtschaft u. Recht","1.05000","","");
REPLACE INTO subject VALUES("WPT_3","Werkstättenlabor","1.05000","","");
REPLACE INTO subject VALUES("WPT_4","Werkstätte und Produktionstechnik","0.91300","","");
REPLACE INTO subject VALUES("WRKL","Werkstättenleitung","1.00000","","");
REPLACE INTO subject VALUES("WSFT","Werkstoff und Fertigungstechnik","1.16700","","");
REPLACE INTO subject VALUES("XABS","","1.00000","","");
REPLACE INTO subject VALUES("ZKK","Zeitkontokonsumation","1.00000","","");



REPLACE INTO teacher VALUES("?","?","","","","","","","","","1","","");
REPLACE INTO teacher VALUES("Agh","Agh","AFW-Trainer","","","","","","","","1","1654782190","1654782190");
REPLACE INTO teacher VALUES("AI","AI","ABOU EL-NAGA","Islam","","","ai@htlwy.at","","","","1","","");
REPLACE INTO teacher VALUES("AL","AL","ALTERMÜLLER","Jürgen","Dipl.-Ing.","","al@htlwy.at","","","","1","","");
REPLACE INTO teacher VALUES("AN","AN","ANTHOFER","Markus","Dipl.-Ing.","","","","","","1","","");
REPLACE INTO teacher VALUES("AP","AP","AIGNER","Paul","","","ap@htlwy.at","","","","1","","");
REPLACE INTO teacher VALUES("AT","AT","ATTENEDER","Simone","Mag.","","at@htlwy.at","","","","1","","");
REPLACE INTO teacher VALUES("BA","BA","BAUER","Alois","","","ba@htlwy.at","","","","1","","");
REPLACE INTO teacher VALUES("BC","BC","BENATZKY","Christian","Dipl.-Ing. Dr.","","bc@htlwy.at","","","","1","","");
REPLACE INTO teacher VALUES("BD","BD","BRANDSTETTER","Daniel","Mag. Dr.","","bd@htlwy.at","","","","1","","");
REPLACE INTO teacher VALUES("BN","BN","BRANDNER","Christoph","Dipl.-Ing.","","bn@htlwy.at","","","","1","","");
REPLACE INTO teacher VALUES("BR","BR","BEYER","Robert","Dipl.-Ing.","","br@htlwy.at","","","","1","","");
REPLACE INTO teacher VALUES("BU","BU","BUCHNER","Alexander","Mag.","","bu@htlwy.at","","","","1","","");
REPLACE INTO teacher VALUES("DR","DR","DOBROVITS","Roland","Ing.","","dr@htlwy.at","","","","1","","");
REPLACE INTO teacher VALUES("DT","DT","DIETRICH","Horst","Dipl.-Ing.","","dt@htlwy.at","","","","1","","");
REPLACE INTO teacher VALUES("EB","EB","ESSLETZBICHLER","Bianca","Mag.","","eb@htlwy.at","","","","1","","");
REPLACE INTO teacher VALUES("EG","EG","EGLSEER","Konrad","Dipl.-Ing.","","eg@htlwy.at","","","","1","","");
REPLACE INTO teacher VALUES("EM","EM","ENGLEDER","Manuel","Mag.","","em@htlwy.at","","","","1","","");
REPLACE INTO teacher VALUES("FA","FA","FANGMEYER","Heinz","Ing.","","fa@htlwy.at","","","","1","","");
REPLACE INTO teacher VALUES("FK","FK","FIGL","Karl","","","fk@htlwy.at","","","","1","","");
REPLACE INTO teacher VALUES("FN","FN","FRÜHWIRTH","Nikolaus","","","fn@htlwy.at","","","","1","","");
REPLACE INTO teacher VALUES("FO","FO","FORSTER","Markus","Dipl.-Ing.","","fo@htlwy.at","","","","1","","");
REPLACE INTO teacher VALUES("FS","FS","FUCHS","Robert","Ing.","","fs@htlwy.at","","","","1","","");
REPLACE INTO teacher VALUES("GA","GA","GREIL","Alexander","MSc.","","ga@htlwy.at","","","","1","","");
REPLACE INTO teacher VALUES("GM","GM","GRABENSCHWEIGER","Michael","","","gm@htlwy.at","","","","1","","");
REPLACE INTO teacher VALUES("GN","GN","GANZENMUELLER","Roland","","","gn@htlwy.at","","","","1","","");
REPLACE INTO teacher VALUES("GR","GR","GROSSER","Alexander","MMag.","","gr@htlwy.at","","","","1","","");
REPLACE INTO teacher VALUES("GS","GS","SCHAGERL","Gabriel","Mag.","","gs@htlwy.at","","","","1","","");
REPLACE INTO teacher VALUES("GU","GU","GUSSMACK","Eckhard","Dipl.-Ing.","","gu@htlwy.at","","","","1","","");
REPLACE INTO teacher VALUES("HA","HA","HAIDLER","Johannes","Dipl.-Ing.","","ha@htlwy.at","","","","1","","");
REPLACE INTO teacher VALUES("HB","HB","HÖLLMÜLLER","Birgit","Mag.","","hb@htlwy.at","","","","1","","");
REPLACE INTO teacher VALUES("HD","HD","HAIDER","Martin","","","hd@htlwy.at","","","","1","","");
REPLACE INTO teacher VALUES("HE","HE","HIRTENLEHNER","Ernst","Ing.","","he@htlwy.at","","","","1","","");
REPLACE INTO teacher VALUES("HG","HG","HINTERHOFER","Gerlinde","Mag.","","hg@htlwy.at","","","","1","","");
REPLACE INTO teacher VALUES("HI","HI","HILLINGER","Roland","Dipl.-Ing.","","hi@htlwy.at","","","","1","","");
REPLACE INTO teacher VALUES("HM","HM","HERZ","Martin","Mag.","","hm@htlwy.at","","","","1","","");
REPLACE INTO teacher VALUES("HO","HO","HOCHRIESER","Leopold","","","ho@htlwy.at","","","","1","","");
REPLACE INTO teacher VALUES("HR","HR","HAIDBAUER","Günther","Dipl..-Ing.","","hr@htlwy.at","","","","1","","");
REPLACE INTO teacher VALUES("IK","IK","NUNES SAMPAIO-KRONISTER","Iva","MEd., BEd.","","ik@htlwy.at","","","","1","","");
REPLACE INTO teacher VALUES("JC","JC","JANDL","Christian","Dipl.-Ing.","","jc@htlwy.at","","","","1","","");
REPLACE INTO teacher VALUES("JK","JK","KOGLER","Josef","","","jk@htlwy.at","","","","1","","");
REPLACE INTO teacher VALUES("JW","JW","JUNKER","Wilhelm","Dipl.-Ing.","","jw@htlwy.at","","","","1","","");
REPLACE INTO teacher VALUES("KB","KB","KOELBEL","Bianca","Mag.","","kb@htlwy.at","","","","1","","");
REPLACE INTO teacher VALUES("KD","KD","KOLCK-THUDT","Siegfried","Mag.","","kd@htlwy.at","","","","1","","");
REPLACE INTO teacher VALUES("KG","KG","KROMOSER","Georg","Dipl.-Ing.","","kg@htlwy.at","","","","1","","");
REPLACE INTO teacher VALUES("KI","KI","KITTINGER","Johannes","","","ki@htlwy.at","","","","1","","");
REPLACE INTO teacher VALUES("KJ","KJ","KRAJSEK-PILZ","Jürgen","MMag. Dr.","","kj@htlwy.at","","","","1","","");
REPLACE INTO teacher VALUES("KL","KL","KLEINHOFER","Franz","Ing.","","kl@htlwy.at","","","","1","","");
REPLACE INTO teacher VALUES("KO","KO","KOGLER","Stefan","Dipl.Sptl.","","ko@htlwy.at","","","","1","","");
REPLACE INTO teacher VALUES("Koc","Koc","AFW-Trainer","","","","","","","","1","","");
REPLACE INTO teacher VALUES("KR","KR","KICKINGER","Richard","MSc.","","kr@htlwy.at","","","","1","","");
REPLACE INTO teacher VALUES("KT","KT","KRAHOFER","Thomas","Mag.","","kt@htlwy.at","","","","1","","");
REPLACE INTO teacher VALUES("KU","KU","KUPFER","Tamara","Mag.","","ku@htlwy.at","","","","1","","");
REPLACE INTO teacher VALUES("LF","LF","LEICHTFRIED","Josef","Dipl.-Ing.","","lf@htlwy.at","","","","1","","");
REPLACE INTO teacher VALUES("ME","ME","MERKINGER","Josef","Mag.","","me@htlwy.at","","","","1","","");
REPLACE INTO teacher VALUES("MG","MG","MARCHARD","Gerhard","Dipl.-Ing.","","mg@htlwy.at","","","","1","","");
REPLACE INTO teacher VALUES("MM","MM","MAURER","Markus","MSc.","","mm@htlwy.at","","","","1","","");
REPLACE INTO teacher VALUES("MO","MO","MOSEL","Kurt","Dipl.-Ing.","","mo@htlwy.at","","","","1","1654782190","1654782190");
REPLACE INTO teacher VALUES("MV","MV","MEVEC","Gernot","Dipl.-Ing. Dr.","","mv@htlwy.at","","","","1","","");
REPLACE INTO teacher VALUES("NK","NK","NOWAK","Karl","Mag.","","","","","","1","1654782190","1654782190");
REPLACE INTO teacher VALUES("NO","NO","NOWAK","Ewald","Mag.","","no@htlwy.at","","","","1","","");
REPLACE INTO teacher VALUES("NR","NR","NENNING-ROSENBERGER","Andrea","Mag.","","nr@htlwy.at","","","","1","","");
REPLACE INTO teacher VALUES("PE","PE","PILSINGER","Erich","","","pe@htlwy.at","","","","1","","");
REPLACE INTO teacher VALUES("PG","PG","POELZGUTTER","Gerhard","Dipl.-Ing.","","pg@htlwy.at","","","","1","","");
REPLACE INTO teacher VALUES("PJ","PJ","PETKO","Juraj","Mgr.","","pj@htlwy.at","","","","1","","");
REPLACE INTO teacher VALUES("PO","PO","POESCHL","Othmar","Dipl.-Ing.","","po@htlwy.at","","","","1","","");
REPLACE INTO teacher VALUES("PT","PT","PILZ","Thomas","","","pt@htlwy.at","","","","1","","");
REPLACE INTO teacher VALUES("RA","RA","RAAB","Martin","Dipl.-Ing.","","ra@htlwy.at","","","","1","","");
REPLACE INTO teacher VALUES("RD","RD","RIEDLER","Klaus","Dipl.-Ing.","","rd@htlwy.at","","","","1","","");
REPLACE INTO teacher VALUES("RH","RH","REBHANDL","Harald","Dir. Dipl.-Ing. Dr.","","rh@htlwy.at","","","","1","","");
REPLACE INTO teacher VALUES("RI","RI","RITTMANNSBERGER","Maria","Mag.","","ri@htlwy.at","","","","1","","");
REPLACE INTO teacher VALUES("RM","RM","REBHANDL","Marie","Ing.","","rm@htlwy.at","","","","1","","");
REPLACE INTO teacher VALUES("RO","RO","RITT","Tobias","","","ro@htlwy.at","","","","1","","");
REPLACE INTO teacher VALUES("RT","RT","REIFBERGER-DORFER","Thomas","Dipl.-Ing.","","rt@htlwy.at","","","","1","","");
REPLACE INTO teacher VALUES("RU","RU","RUMETSHOFER","Konrad","Mag.","","ru@htlwy.at","","","","1","","");
REPLACE INTO teacher VALUES("SA","SA","SALCHER","Andreas","Dipl.-Ing.","","sa@htlwy.at","","","","1","","");
REPLACE INTO teacher VALUES("SB","SB","SCHNEIBER","Joachim","Ing.","","sb@htlwy.at","","","","1","","");
REPLACE INTO teacher VALUES("SC","SC","SCHATZ","Reinhold","Dipl.-Ing.","","sc@htlwy.at","","","","1","","");
REPLACE INTO teacher VALUES("ScA","ScA","AFW-Trainer","","","","","","","","1","","");
REPLACE INTO teacher VALUES("SD","SD","SCHWARNTHORER","Dietmar","Ing.","","sd@htlwy.at","","","","1","","");
REPLACE INTO teacher VALUES("SE","SE","SCHNETZINGER","Christina","","","se@htlwy.at","","","","1","","");
REPLACE INTO teacher VALUES("SG","SG","SPRING","Gustav","Dipl.-Ing.","","sg@htlwy.at","","","","1","","");
REPLACE INTO teacher VALUES("SH","SH","SCHNABLER","Bianca","Mag.","","sh@htlwy.at","","","","1","","");
REPLACE INTO teacher VALUES("SL","SL","SALCHER","Christian","Mag.","","sl@htlwy.at","","","","1","","");
REPLACE INTO teacher VALUES("SM","SM","SALCHER","Madlene","Mag.","","sm@htlwy.at","","","","1","","");
REPLACE INTO teacher VALUES("SN","SN","SCHNEIDER","Christian","Ing.","","sn@htlwy.at","","","","1","","");
REPLACE INTO teacher VALUES("SO","SO","STOCKINGER","Leopold","Ing., MSc.","","so@htlwy.at","","","","1","","");
REPLACE INTO teacher VALUES("SR","SR","SCHIMBOECK","Reinhard","Mag.","","sr@htlwy.at","","","","1","","");
REPLACE INTO teacher VALUES("ST","ST","STURM","Michael","Mag.","","st@htlwy.at","","","","1","","");
REPLACE INTO teacher VALUES("Ste","Ste","AFW-Trainer","","","","","","","","1","1654782190","1654782190");
REPLACE INTO teacher VALUES("Steini","Steini","AFW-Trainer","","","","","","","","1","","");
REPLACE INTO teacher VALUES("Stö","Stö","AFW-Trainer","","","","","","","","1","","");
REPLACE INTO teacher VALUES("SW","SW","SEISENBACHER","Wolfgang","Ing.","","sw@htlwy.at","","","","1","","");
REPLACE INTO teacher VALUES("SX","SX","STIX","Martin","","","sx@htlwy.at","","","","1","","");
REPLACE INTO teacher VALUES("SZ","SZ","SCHATZ","Andreas","Ing. Mag.","","sz@htlwy.at","","","","1","","");
REPLACE INTO teacher VALUES("TB","TB","TIEFENBÖCK","Manfred","","","tb@htlwy.at","","","","1","","");
REPLACE INTO teacher VALUES("TO","TO","TOJNER","Franz","Dipl.-Ing.","","to@htlwy.at","","","","1","","");
REPLACE INTO teacher VALUES("TR","TR","TIPPELREITER","Roland","","","","","","","1","1654782190","1654782190");
REPLACE INTO teacher VALUES("TS","TS","SCHUMNIG","Thomas","","","ts@htlwy.at","","","","1","1654782190","1654782190");
REPLACE INTO teacher VALUES("WE","WE","WEISSINGER","Wilhelm","Ing.","","we@htlwy.at","","","","1","1654782190","1654782190");
REPLACE INTO teacher VALUES("WG","WG","WEICHINGER","Klaus","Dipl.-Ing.","","wg@htlwy.at","","","","1","","");
REPLACE INTO teacher VALUES("WH","WH","WALTER","Helmuth","","","","","","","1","","");
REPLACE INTO teacher VALUES("WI","WI","WINKELHOFER","Angela","Mag.","","wi@htlwy.at","","","","1","","");
REPLACE INTO teacher VALUES("WJ","WJ","WAGNER","Joachim","Ing. MSc.","","wj@htlwy.at","","","","1","","");
REPLACE INTO teacher VALUES("WK","WK","WALTERSKIRCHEN","Birgit","Mag.","","wk@htlwy.at","","","","1","","");
REPLACE INTO teacher VALUES("WM","WM","WAHLMÜLLER","Hubert","Ing.","","wm@htlwy.at","","","","1","","");
REPLACE INTO teacher VALUES("WR","WR","WILDPERT","Robert","MMag.","","wr@htlwy.at","","","","1","","");
REPLACE INTO teacher VALUES("ZD","ZD","ZAMBAL","David","Mag.","","zd@htlwy.at","","","","1","","");
REPLACE INTO teacher VALUES("ZE","ZE","ZEILLINGER","Christoph","Ing.","","ze@htlwy.at","","","","1","","");
REPLACE INTO teacher VALUES("Zf","Zf","AFW-Trainer","","","","","","","","1","","");
REPLACE INTO teacher VALUES("ZS","ZS","ZAMBAL","Sebastian","Dipl.-Ing. Dr.","","zs@htlwy.at","","","","1","","");



REPLACE INTO teacher_fav VALUES("63529d2f505f4","BN","teacher_select_default","BN","1000","","");
REPLACE INTO teacher_fav VALUES("63529d982f170","BN","teacher_select_default","ZS","1000","","");
REPLACE INTO teacher_fav VALUES("cxer3n34o","HA","teacher_select_default","AL","1000","","");



REPLACE INTO teacher_wishlist VALUES("6389f3c2e5e90","BN","","in 2 Tagen","8.00","10.00","1669985218","1669985218");



REPLACE INTO test VALUES("1","tets");



REPLACE INTO user VALUES("1","bn","EwFhlnJD3DDaF3Gv2eqoEW0eIfkUVTcF","$2y$13$gmbTrZVD7qzF9MnznJHJ1OOei93sr1RosrJZGshza2vDF9DtSnCb2","","bn@htlwy.at","10","1634990460","1637404457");
REPLACE INTO user VALUES("2","test","bcAXakxOaw85ImKB5OElzvM6v8Yx5djk","$2y$13$w1EifhGSCzE4AtG7glEWTeGycnvCp7reI3ahSQXX5NQzx/h0oqpPe","","test@brancon.at","10","1637403942","1637403942");
REPLACE INTO user VALUES("3","ha","EwFhInJd3DD","$2y$13$gmbTrZVD7qzF9MnznJHJ1OOei93sr1RosrJZGshza2vDF9DtSnCb2","","ha@htlwy.at","10","1700000000","1700000000");
REPLACE INTO user VALUES("4","rh","EwFhInJd3DD","$2y$13$gmbTrZVD7qzF9MnznJHJ1OOei93sr1RosrJZGshza2vDF9DtSnCb2","","rh@htlwy.at","10","1700000000","1700000000");
REPLACE INTO user VALUES("5","rd","EwFhInJd3DD","$2y$13$gmbTrZVD7qzF9MnznJHJ1OOei93sr1RosrJZGshza2vDF9DtSnCb2","","rd@htlwy.at","10","1700000000","1700000000");
REPLACE INTO user VALUES("6","pg","EwFhInJd3DD","$2y$13$gmbTrZVD7qzF9MnznJHJ1OOei93sr1RosrJZGshza2vDF9DtSnCb2","","pg@htlwy.at","10","1700000000","1700000000");
REPLACE INTO user VALUES("7","kl","EwFhInJd3DD","$2y$13$gmbTrZVD7qzF9MnznJHJ1OOei93sr1RosrJZGshza2vDF9DtSnCb2","","kl@htlwy.at","10","1700000000","1700000000");
REPLACE INTO user VALUES("8","he","EwFhInJd3DD","$2y$13$gmbTrZVD7qzF9MnznJHJ1OOei93sr1RosrJZGshza2vDF9DtSnCb2","","he@htlwy.at","10","1700000000","1700000000");



REPLACE INTO vw_teacher_fav VALUES("BN","BRANDNER","Christoph","Dipl.-Ing.","Favoriten");
REPLACE INTO vw_teacher_fav VALUES("ZS","ZAMBAL","Sebastian","Dipl.-Ing. Dr.","Favoriten");
REPLACE INTO vw_teacher_fav VALUES("?","","","","Lehrer");
REPLACE INTO vw_teacher_fav VALUES("Agh","AFW-Trainer","","","Lehrer");
REPLACE INTO vw_teacher_fav VALUES("AI","ABOU EL-NAGA","Islam","","Lehrer");
REPLACE INTO vw_teacher_fav VALUES("AL","ALTERMÜLLER","Jürgen","Dipl.-Ing.","Lehrer");
REPLACE INTO vw_teacher_fav VALUES("AN","ANTHOFER","Markus","Dipl.-Ing.","Lehrer");
REPLACE INTO vw_teacher_fav VALUES("AP","AIGNER","Paul","","Lehrer");
REPLACE INTO vw_teacher_fav VALUES("AT","ATTENEDER","Simone","Mag.","Lehrer");
REPLACE INTO vw_teacher_fav VALUES("BA","BAUER","Alois","","Lehrer");
REPLACE INTO vw_teacher_fav VALUES("BC","BENATZKY","Christian","Dipl.-Ing. Dr.","Lehrer");
REPLACE INTO vw_teacher_fav VALUES("BD","BRANDSTETTER","Daniel","Mag. Dr.","Lehrer");
REPLACE INTO vw_teacher_fav VALUES("BR","BEYER","Robert","Dipl.-Ing.","Lehrer");
REPLACE INTO vw_teacher_fav VALUES("BU","BUCHNER","Alexander","Mag.","Lehrer");
REPLACE INTO vw_teacher_fav VALUES("DR","DOBROVITS","Roland","Ing.","Lehrer");
REPLACE INTO vw_teacher_fav VALUES("DT","DIETRICH","Horst","Dipl.-Ing.","Lehrer");
REPLACE INTO vw_teacher_fav VALUES("EB","ESSLETZBICHLER","Bianca","Mag.","Lehrer");
REPLACE INTO vw_teacher_fav VALUES("EG","EGLSEER","Konrad","Dipl.-Ing.","Lehrer");
REPLACE INTO vw_teacher_fav VALUES("EM","ENGLEDER","Manuel","Mag.","Lehrer");
REPLACE INTO vw_teacher_fav VALUES("FA","FANGMEYER","Heinz","Ing.","Lehrer");
REPLACE INTO vw_teacher_fav VALUES("FK","FIGL","Karl","","Lehrer");
REPLACE INTO vw_teacher_fav VALUES("FN","FRÜHWIRTH","Nikolaus","","Lehrer");
REPLACE INTO vw_teacher_fav VALUES("FO","FORSTER","Markus","Dipl.-Ing.","Lehrer");
REPLACE INTO vw_teacher_fav VALUES("FS","FUCHS","Robert","Ing.","Lehrer");
REPLACE INTO vw_teacher_fav VALUES("GA","GREIL","Alexander","MSc.","Lehrer");
REPLACE INTO vw_teacher_fav VALUES("GM","GRABENSCHWEIGER","Michael","","Lehrer");
REPLACE INTO vw_teacher_fav VALUES("GN","GANZENMUELLER","Roland","","Lehrer");
REPLACE INTO vw_teacher_fav VALUES("GR","GROSSER","Alexander","MMag.","Lehrer");
REPLACE INTO vw_teacher_fav VALUES("GS","SCHAGERL","Gabriel","Mag.","Lehrer");
REPLACE INTO vw_teacher_fav VALUES("GU","GUSSMACK","Eckhard","Dipl.-Ing.","Lehrer");
REPLACE INTO vw_teacher_fav VALUES("HA","HAIDLER","Johannes","Dipl.-Ing.","Lehrer");
REPLACE INTO vw_teacher_fav VALUES("HB","HÖLLMÜLLER","Birgit","Mag.","Lehrer");
REPLACE INTO vw_teacher_fav VALUES("HD","HAIDER","Martin","","Lehrer");
REPLACE INTO vw_teacher_fav VALUES("HE","HIRTENLEHNER","Ernst","Ing.","Lehrer");
REPLACE INTO vw_teacher_fav VALUES("HG","HINTERHOFER","Gerlinde","Mag.","Lehrer");
REPLACE INTO vw_teacher_fav VALUES("HI","HILLINGER","Roland","Dipl.-Ing.","Lehrer");
REPLACE INTO vw_teacher_fav VALUES("HM","HERZ","Martin","Mag.","Lehrer");
REPLACE INTO vw_teacher_fav VALUES("HO","HOCHRIESER","Leopold","","Lehrer");
REPLACE INTO vw_teacher_fav VALUES("HR","HAIDBAUER","Günther","Dipl..-Ing.","Lehrer");
REPLACE INTO vw_teacher_fav VALUES("IK","NUNES SAMPAIO-KRONISTER","Iva","MEd., BEd.","Lehrer");
REPLACE INTO vw_teacher_fav VALUES("JC","JANDL","Christian","Dipl.-Ing.","Lehrer");
REPLACE INTO vw_teacher_fav VALUES("JK","KOGLER","Josef","","Lehrer");
REPLACE INTO vw_teacher_fav VALUES("JW","JUNKER","Wilhelm","Dipl.-Ing.","Lehrer");
REPLACE INTO vw_teacher_fav VALUES("KB","KOELBEL","Bianca","Mag.","Lehrer");
REPLACE INTO vw_teacher_fav VALUES("KD","KOLCK-THUDT","Siegfried","Mag.","Lehrer");
REPLACE INTO vw_teacher_fav VALUES("KG","KROMOSER","Georg","Dipl.-Ing.","Lehrer");
REPLACE INTO vw_teacher_fav VALUES("KI","KITTINGER","Johannes","","Lehrer");
REPLACE INTO vw_teacher_fav VALUES("KJ","KRAJSEK-PILZ","Jürgen","MMag. Dr.","Lehrer");
REPLACE INTO vw_teacher_fav VALUES("KL","KLEINHOFER","Franz","Ing.","Lehrer");
REPLACE INTO vw_teacher_fav VALUES("KO","KOGLER","Stefan","Dipl.Sptl.","Lehrer");
REPLACE INTO vw_teacher_fav VALUES("Koc","AFW-Trainer","","","Lehrer");
REPLACE INTO vw_teacher_fav VALUES("KR","KICKINGER","Richard","MSc.","Lehrer");
REPLACE INTO vw_teacher_fav VALUES("KT","KRAHOFER","Thomas","Mag.","Lehrer");
REPLACE INTO vw_teacher_fav VALUES("KU","KUPFER","Tamara","Mag.","Lehrer");
REPLACE INTO vw_teacher_fav VALUES("LF","LEICHTFRIED","Josef","Dipl.-Ing.","Lehrer");
REPLACE INTO vw_teacher_fav VALUES("ME","MERKINGER","Josef","Mag.","Lehrer");
REPLACE INTO vw_teacher_fav VALUES("MG","MARCHARD","Gerhard","Dipl.-Ing.","Lehrer");
REPLACE INTO vw_teacher_fav VALUES("MM","MAURER","Markus","MSc.","Lehrer");
REPLACE INTO vw_teacher_fav VALUES("MO","MOSEL","Kurt","Dipl.-Ing.","Lehrer");
REPLACE INTO vw_teacher_fav VALUES("MV","MEVEC","Gernot","Dipl.-Ing. Dr.","Lehrer");
REPLACE INTO vw_teacher_fav VALUES("NK","NOWAK","Karl","Mag.","Lehrer");
REPLACE INTO vw_teacher_fav VALUES("NO","NOWAK","Ewald","Mag.","Lehrer");
REPLACE INTO vw_teacher_fav VALUES("NR","NENNING-ROSENBERGER","Andrea","Mag.","Lehrer");
REPLACE INTO vw_teacher_fav VALUES("PE","PILSINGER","Erich","","Lehrer");
REPLACE INTO vw_teacher_fav VALUES("PG","POELZGUTTER","Gerhard","Dipl.-Ing.","Lehrer");
REPLACE INTO vw_teacher_fav VALUES("PJ","PETKO","Juraj","Mgr.","Lehrer");
REPLACE INTO vw_teacher_fav VALUES("PO","POESCHL","Othmar","Dipl.-Ing.","Lehrer");
REPLACE INTO vw_teacher_fav VALUES("PT","PILZ","Thomas","","Lehrer");
REPLACE INTO vw_teacher_fav VALUES("RA","RAAB","Martin","Dipl.-Ing.","Lehrer");
REPLACE INTO vw_teacher_fav VALUES("RD","RIEDLER","Klaus","Dipl.-Ing.","Lehrer");
REPLACE INTO vw_teacher_fav VALUES("RH","REBHANDL","Harald","Dir. Dipl.-Ing. Dr.","Lehrer");
REPLACE INTO vw_teacher_fav VALUES("RI","RITTMANNSBERGER","Maria","Mag.","Lehrer");
REPLACE INTO vw_teacher_fav VALUES("RM","REBHANDL","Marie","Ing.","Lehrer");
REPLACE INTO vw_teacher_fav VALUES("RO","RITT","Tobias","","Lehrer");
REPLACE INTO vw_teacher_fav VALUES("RT","REIFBERGER-DORFER","Thomas","Dipl.-Ing.","Lehrer");
REPLACE INTO vw_teacher_fav VALUES("RU","RUMETSHOFER","Konrad","Mag.","Lehrer");
REPLACE INTO vw_teacher_fav VALUES("SA","SALCHER","Andreas","Dipl.-Ing.","Lehrer");
REPLACE INTO vw_teacher_fav VALUES("SB","SCHNEIBER","Joachim","Ing.","Lehrer");
REPLACE INTO vw_teacher_fav VALUES("SC","SCHATZ","Reinhold","Dipl.-Ing.","Lehrer");
REPLACE INTO vw_teacher_fav VALUES("ScA","AFW-Trainer","","","Lehrer");
REPLACE INTO vw_teacher_fav VALUES("SD","SCHWARNTHORER","Dietmar","Ing.","Lehrer");
REPLACE INTO vw_teacher_fav VALUES("SE","SCHNETZINGER","Christina","","Lehrer");
REPLACE INTO vw_teacher_fav VALUES("SG","SPRING","Gustav","Dipl.-Ing.","Lehrer");
REPLACE INTO vw_teacher_fav VALUES("SH","SCHNABLER","Bianca","Mag.","Lehrer");
REPLACE INTO vw_teacher_fav VALUES("SL","SALCHER","Christian","Mag.","Lehrer");
REPLACE INTO vw_teacher_fav VALUES("SM","SALCHER","Madlene","Mag.","Lehrer");
REPLACE INTO vw_teacher_fav VALUES("SN","SCHNEIDER","Christian","Ing.","Lehrer");
REPLACE INTO vw_teacher_fav VALUES("SO","STOCKINGER","Leopold","Ing., MSc.","Lehrer");
REPLACE INTO vw_teacher_fav VALUES("SR","SCHIMBOECK","Reinhard","Mag.","Lehrer");
REPLACE INTO vw_teacher_fav VALUES("ST","STURM","Michael","Mag.","Lehrer");
REPLACE INTO vw_teacher_fav VALUES("Ste","AFW-Trainer","","","Lehrer");
REPLACE INTO vw_teacher_fav VALUES("Steini","AFW-Trainer","","","Lehrer");
REPLACE INTO vw_teacher_fav VALUES("Stö","AFW-Trainer","","","Lehrer");
REPLACE INTO vw_teacher_fav VALUES("SW","SEISENBACHER","Wolfgang","Ing.","Lehrer");
REPLACE INTO vw_teacher_fav VALUES("SX","STIX","Martin","","Lehrer");
REPLACE INTO vw_teacher_fav VALUES("SZ","SCHATZ","Andreas","Ing. Mag.","Lehrer");
REPLACE INTO vw_teacher_fav VALUES("TB","TIEFENBÖCK","Manfred","","Lehrer");
REPLACE INTO vw_teacher_fav VALUES("TO","TOJNER","Franz","Dipl.-Ing.","Lehrer");
REPLACE INTO vw_teacher_fav VALUES("TR","TIPPELREITER","Roland","","Lehrer");
REPLACE INTO vw_teacher_fav VALUES("TS","SCHUMNIG","Thomas","","Lehrer");
REPLACE INTO vw_teacher_fav VALUES("WE","WEISSINGER","Wilhelm","Ing.","Lehrer");
REPLACE INTO vw_teacher_fav VALUES("WG","WEICHINGER","Klaus","Dipl.-Ing.","Lehrer");
REPLACE INTO vw_teacher_fav VALUES("WH","WALTER","Helmuth","","Lehrer");
REPLACE INTO vw_teacher_fav VALUES("WI","WINKELHOFER","Angela","Mag.","Lehrer");
REPLACE INTO vw_teacher_fav VALUES("WJ","WAGNER","Joachim","Ing. MSc.","Lehrer");
REPLACE INTO vw_teacher_fav VALUES("WK","WALTERSKIRCHEN","Birgit","Mag.","Lehrer");
REPLACE INTO vw_teacher_fav VALUES("WM","WAHLMÜLLER","Hubert","Ing.","Lehrer");
REPLACE INTO vw_teacher_fav VALUES("WR","WILDPERT","Robert","MMag.","Lehrer");
REPLACE INTO vw_teacher_fav VALUES("ZD","ZAMBAL","David","Mag.","Lehrer");
REPLACE INTO vw_teacher_fav VALUES("ZE","ZEILLINGER","Christoph","Ing.","Lehrer");
REPLACE INTO vw_teacher_fav VALUES("Zf","AFW-Trainer","","","Lehrer");



